Profile URL,Picture URL
https://www.linkedin.com/in/juan-garcia-berdoy-carvajal-86713482,https://media.licdn.com/dms/image/v2/C4D03AQGYsGb8VYF6Lg/profile-displayphoto-shrink_100_100/profile-displayphoto-shrink_100_100/0/1589404792820?e=1746057600&v=beta&t=9dMAWi0C4niZncrykiqIzVyLRIb0iRzZc6j8xfOESHw
https://www.linkedin.com/in/tomasarriaga,https://media.licdn.com/dms/image/v2/C4D03AQE_rG5AR3qXyw/profile-displayphoto-shrink_100_100/profile-displayphoto-shrink_100_100/0/1539875751438?e=1746057600&v=beta&t=bWSZoJwpoET2tqHBn2N-Wil9kAFf6FrsBYUOVU6YjYg
https://www.linkedin.com/in/michael-voronov-88b860202,https://media.licdn.com/dms/image/v2/D4E35AQG8KlmaRnbRMQ/profile-framedphoto-shrink_100_100/profile-framedphoto-shrink_100_100/0/1722794609791?e=1741118400&v=beta&t=WOiX7DXHY_gp6Cw8gs0WpFP0YZXGIB2tTBQiWLjeP8A
https://www.linkedin.com/in/theo-england-16424b34,https://media.licdn.com/dms/image/v2/D4E03AQE2kVScdEuhtw/profile-displayphoto-shrink_100_100/profile-displayphoto-shrink_100_100/0/1711458656579?e=1746057600&v=beta&t=yV6TjXS_6Ol-7A8XlK1BzPnSpSo5OWJFDQDeRol3p7k
https://www.linkedin.com/in/olena-didenko-weber,https://media.licdn.com/dms/image/v2/D4D03AQHh3H1hQc-Ufg/profile-displayphoto-shrink_100_100/profile-displayphoto-shrink_100_100/0/1706710035867?e=1746057600&v=beta&t=kmCGf3rX67ctxQgqp4XWQNIcnfMijg5gqDrWtN0GP0k
https://www.linkedin.com/in/pierre-lupi-chen-2a2314ba,https://media.licdn.com/dms/image/v2/D4E03AQGIm9v0SNhyzw/profile-displayphoto-shrink_100_100/B4EZSjSGiRGwAU-/0/1737906221221?e=1746057600&v=beta&t=rRU15-UU3zn6D9gshpUQ9hybOjrj8O1F-ucNAu5kBhs
https://www.linkedin.com/in/tweedbacker,https://media.licdn.com/dms/image/v2/C4E03AQFu_PcifdISuw/profile-displayphoto-shrink_100_100/profile-displayphoto-shrink_100_100/0/1615788641093?e=1746057600&v=beta&t=fk3sUDGuz4tzIsJKmDVVyPLK6B4QGMw6C8Z1-89MZx4
https://www.linkedin.com/in/yungyeong-heo-b09b291a0,https://media.licdn.com/dms/image/v2/C4E03AQED7KRODiyzPg/profile-displayphoto-shrink_100_100/profile-displayphoto-shrink_100_100/0/1618302483245?e=1746057600&v=beta&t=Mb42JAMFQqMNAzuvxIpOKhG4hnxEDnrP8m45RHP6WRc
https://www.linkedin.com/in/sof%C3%ADa-trujillo,https://media.licdn.com/dms/image/v2/D4D35AQHZPc9juQTQRQ/profile-framedphoto-shrink_100_100/profile-framedphoto-shrink_100_100/0/1737648214963?e=1741125600&v=beta&t=tL08lw7AugtJ-Izu7bAC8zPBo1_OCiJky_yUozjLHJo
https://www.linkedin.com/in/amirbalt,https://media.licdn.com/dms/image/v2/C5635AQGhMwa9a6Rl9Q/profile-framedphoto-shrink_100_100/profile-framedphoto-shrink_100_100/0/1613500979502?e=1741125600&v=beta&t=RZh1RetU3NHpn84Eg_jkmP7HyxnphAm46roAy5VB7AI
https://www.linkedin.com/in/ines-oliveira-,https://media.licdn.com/dms/image/v2/D4D03AQG805ir-xIXIQ/profile-displayphoto-shrink_100_100/profile-displayphoto-shrink_100_100/0/1708955296148?e=1746057600&v=beta&t=Qk03C7PU_H0uJzE4tYT4ZGIYfOTO3let7H1rdi45sjU
https://www.linkedin.com/in/alexasokol,https://media.licdn.com/dms/image/v2/D4E35AQG2cobpxIHqnQ/profile-framedphoto-shrink_100_100/profile-framedphoto-shrink_100_100/0/1733942657311?e=1741125600&v=beta&t=Wg4crngltOzA4S81sgG8NrjTdMY-7raa4kWscV5bH6M
https://www.linkedin.com/in/benitezrodrigo,https://media.licdn.com/dms/image/v2/D4E03AQEug435iQmsfA/profile-displayphoto-shrink_100_100/profile-displayphoto-shrink_100_100/0/1673540047041?e=1746057600&v=beta&t=DCGjKiRgyWEPGhe0r5sdZFw5gn4eqC0Il7qnWVIHl4U
https://www.linkedin.com/in/timwiegels,https://media.licdn.com/dms/image/v2/D5603AQFbtz6ViSKz1g/profile-displayphoto-shrink_100_100/profile-displayphoto-shrink_100_100/0/1684165144745?e=1746057600&v=beta&t=6cpmwM19I5GUajlGjj0J91ru3e0QjbZ2WtqJLHjUocU
https://www.linkedin.com/in/j-godau,https://media.licdn.com/dms/image/v2/D4D03AQF9PYTPQ8pJ7Q/profile-displayphoto-shrink_100_100/B4DZU23T2FG4AU-/0/1740382224857?e=1746057600&v=beta&t=VaZjPGW4M5b1fROuRLjmnCplqo6-Zdpz83Ek6d8Qxzg
https://www.linkedin.com/in/daniil-shlenskiy,https://media.licdn.com/dms/image/v2/D4E35AQGNFuOCS4hrPw/profile-framedphoto-shrink_100_100/profile-framedphoto-shrink_100_100/0/1730280514330?e=1741125600&v=beta&t=ZwEkopw2t6EjulCmOSVdbTfCE0jsLpJMl4dg-ERIjJY
https://www.linkedin.com/in/uladzislau-mikula,https://media.licdn.com/dms/image/v2/C5603AQFrRtfKbEWztg/profile-displayphoto-shrink_100_100/profile-displayphoto-shrink_100_100/0/1535440920597?e=1746057600&v=beta&t=qzeVFUleVZDxDzfRcQ4oNudHZHKmnpKElRsqL1zSUvI
https://www.linkedin.com/in/sabrikaragonen,https://media.licdn.com/dms/image/v2/D4E03AQHgMTKWSbdr-g/profile-displayphoto-shrink_100_100/profile-displayphoto-shrink_100_100/0/1708599456578?e=1746057600&v=beta&t=RxU4aEPQPSexfsF28Xb4J2hFrN4O7MvJFLdAvsUn71k
https://www.linkedin.com/in/joaovictoralcoforado,https://media.licdn.com/dms/image/v2/D4D03AQElraJv3FjOzw/profile-displayphoto-shrink_100_100/profile-displayphoto-shrink_100_100/0/1727795950893?e=1746057600&v=beta&t=xhMgSiBRYXLKpjb1biTjMoVeHPm4VKxEtwR3_WQ1RUE
https://www.linkedin.com/in/andrei-chupakhin,https://media.licdn.com/dms/image/v2/D4D03AQH9qEgDkEqbVg/profile-displayphoto-shrink_100_100/profile-displayphoto-shrink_100_100/0/1686427203424?e=1746057600&v=beta&t=G1sUyV0k4jlRoBUZIZO5_nfF38WNZLUDdh0sYG-xBAw
https://www.linkedin.com/in/rob-chard-phd-8657984a,https://media.licdn.com/dms/image/v2/D4E03AQGQ5B_dM8wxTg/profile-displayphoto-shrink_100_100/profile-displayphoto-shrink_100_100/0/1672827798113?e=1746057600&v=beta&t=HpfHP3lu11tGcjsXAR_P5yjlDdmtDjSpycA3P9SW0yU
https://www.linkedin.com/in/duemcke,https://media.licdn.com/dms/image/v2/C4E03AQETWFnQVf5vhg/profile-displayphoto-shrink_100_100/profile-displayphoto-shrink_100_100/0/1638372802060?e=1746057600&v=beta&t=ddLIioC3FS-2yypVZK2yuwDIdKpGEjBzeuju8dRVm9U
https://www.linkedin.com/in/nader-kawkabany,https://media.licdn.com/dms/image/v2/D4E03AQHPdCI6TL-lQA/profile-displayphoto-shrink_100_100/profile-displayphoto-shrink_100_100/0/1704903983577?e=1746057600&v=beta&t=tdWX1ODI7X5_HGwjRap0ZrMSCLtdufVX1yDf-Cw4u-0
https://www.linkedin.com/in/anastasija-milkovska-358805256,https://media.licdn.com/dms/image/v2/D4D35AQH1igTEsiSjkQ/profile-framedphoto-shrink_100_100/B4DZU3j7TvG4Ak-/0/1740393920104?e=1741125600&v=beta&t=6QmrGEi1BxIUB5qFSPo8cgVecfDRCGMf0ErKYGbKf6o
https://www.linkedin.com/in/janna-lipenkova-07137399,https://media.licdn.com/dms/image/v2/D4E03AQHeCOk4awWSaw/profile-displayphoto-shrink_100_100/profile-displayphoto-shrink_100_100/0/1695581939324?e=1746057600&v=beta&t=he1em-kqJaDEzpHier9wHljuP5HuheS_jaRoINVI1c8
https://www.linkedin.com/in/lisa-hellner-3067a2b9,https://media.licdn.com/dms/image/v2/D4E35AQEHCUcOzyAn1g/profile-framedphoto-shrink_100_100/profile-framedphoto-shrink_100_100/0/1729334978281?e=1741125600&v=beta&t=R0F3TcrHUNZs2rDNAZQPYjGDCVLY0c54zePKBdenFvA
https://www.linkedin.com/in/dina-gay-560a292a0,https://media.licdn.com/dms/image/v2/D4D03AQGlqsZog8nSAw/profile-displayphoto-shrink_100_100/profile-displayphoto-shrink_100_100/0/1719931713206?e=1746057600&v=beta&t=7WOpXBJ43m0qH1_LzQubtIsxyfxhVdAKcs4TrWaXwHY
https://www.linkedin.com/in/tomasz-gingold-91431a125,https://media.licdn.com/dms/image/v2/C5603AQFs6xB2otVqBA/profile-displayphoto-shrink_100_100/profile-displayphoto-shrink_100_100/0/1522229584793?e=1746057600&v=beta&t=SEeCTjAjsC_xHHfRX1YubawjBFl3AZZmB3NvbyWP1F0
https://www.linkedin.com/in/yelyzaveta-kyrylova-01151024b,https://media.licdn.com/dms/image/v2/D4E03AQHxNVF9TZBmxg/profile-displayphoto-shrink_100_100/profile-displayphoto-shrink_100_100/0/1721587131268?e=1746057600&v=beta&t=kUHwkW4UKtS64YakQZunz1MNIdajMPX6iOEqSc76E1Q
https://www.linkedin.com/in/simon-gwinner,https://media.licdn.com/dms/image/v2/C4D03AQGZ9kt-jRYdNg/profile-displayphoto-shrink_100_100/profile-displayphoto-shrink_100_100/0/1588768285468?e=1746057600&v=beta&t=hxosyeNS0F-Vy_Tq4kse6uJTH7L8osjXlWfTLQ6DjsE
https://www.linkedin.com/in/uchennanwafor,https://media.licdn.com/dms/image/v2/C4D03AQE5gZebwxLSjA/profile-displayphoto-shrink_100_100/profile-displayphoto-shrink_100_100/0/1636562611485?e=1746057600&v=beta&t=vRemFUGZhCkv9fntj1fzylSCCkqkIaiN1yghqWOGzHw
https://www.linkedin.com/in/catisdesign,https://media.licdn.com/dms/image/v2/D4E35AQGHzvXtRqGgkA/profile-framedphoto-shrink_100_100/profile-framedphoto-shrink_100_100/0/1728863707791?e=1741125600&v=beta&t=Q0HJkkZZZXgQ4bjT8e9oW7BCEHSTKe1fp1ucfoghfFY
https://www.linkedin.com/in/sreckodimitrijevic,https://media.licdn.com/dms/image/v2/D4D03AQF1oFSQcRpKeA/profile-displayphoto-shrink_100_100/B4DZTRe_mVH0Ak-/0/1738681351020?e=1746057600&v=beta&t=0RWAElqVvwqodumnT3aFcdswaHW_FQ5vB9yvH4ApBf8
https://www.linkedin.com/in/michaelokraj,https://media.licdn.com/dms/image/v2/C4E03AQFSUzvPM7GtQw/profile-displayphoto-shrink_100_100/profile-displayphoto-shrink_100_100/0/1659712107302?e=1746057600&v=beta&t=jurHNntIc7KXT0WG-8dOysf1gPnVLpIBrqgTNQ9APgw
https://www.linkedin.com/in/vdnaz,https://media.licdn.com/dms/image/v2/C4D03AQHh7m9b8uVCug/profile-displayphoto-shrink_100_100/profile-displayphoto-shrink_100_100/0/1652355377383?e=1746057600&v=beta&t=wMzcJfXG_0zzY45QCwgsgKuO3MQ5ew-9nKqFYh97kV8
https://www.linkedin.com/in/martinroucek,https://media.licdn.com/dms/image/v2/C4D03AQEPp-I6Tr2wzg/profile-displayphoto-shrink_100_100/profile-displayphoto-shrink_100_100/0/1602078286350?e=1746057600&v=beta&t=neT51W02Et2U5lyg6euzcRJIuiuLwaW84BW4hTiArEU
https://www.linkedin.com/in/elena-martynchuk-6a22a6237,https://media.licdn.com/dms/image/v2/D4D03AQFRknX4RvhY_A/profile-displayphoto-shrink_100_100/B4DZUiaKjsHAAU-/0/1740039039604?e=1746057600&v=beta&t=FxNJujGB421bOfknXap9DHP_vL4X__IrtlFlD5AsGEc
https://www.linkedin.com/in/alexey-masturov,https://media.licdn.com/dms/image/v2/C4D03AQFdsxVGyVT-Rg/profile-displayphoto-shrink_100_100/profile-displayphoto-shrink_100_100/0/1643371360335?e=1746057600&v=beta&t=HUBnUczie7MrxAZButwXkqWM-2Uk4pJxxGbrzTvBGHQ
https://www.linkedin.com/in/ruslan-gumerov,https://media.licdn.com/dms/image/v2/D5603AQHf2G26b86yug/profile-displayphoto-shrink_100_100/profile-displayphoto-shrink_100_100/0/1690245784967?e=1746057600&v=beta&t=lRFDu5cFHLDrONtm1dWN-g_YlWEKVkKK_nqXhZd0U8A
https://www.linkedin.com/in/juliemagnuson,https://media.licdn.com/dms/image/v2/C5603AQGoR3sHWdeBBw/profile-displayphoto-shrink_100_100/profile-displayphoto-shrink_100_100/0/1647924235275?e=1746057600&v=beta&t=3VYJtA0jDdIb196bI57Whjb58IC3hhufdtmJzPnBZzM
https://www.linkedin.com/in/konstantin-kostya-aizikov-5b94522,https://media.licdn.com/dms/image/v2/C5603AQGY8pju_capXA/profile-displayphoto-shrink_100_100/profile-displayphoto-shrink_100_100/0/1516265798368?e=1746057600&v=beta&t=I8pgpSX2VQ0zS9kx0MTbr-1jQ3tSoVDGcFlLFPUP7YQ
https://www.linkedin.com/in/joseph-rodgers-38774327,https://media.licdn.com/dms/image/v2/C4D03AQElwKWgk7wUSw/profile-displayphoto-shrink_100_100/profile-displayphoto-shrink_100_100/0/1517462576386?e=1746057600&v=beta&t=uyOQNVWDAwW543ksMeBZJibAVarqbSwIosB8vAEmhSY
https://www.linkedin.com/in/serhii-i,https://media.licdn.com/dms/image/v2/D4E35AQFOwPXiUXsn8w/profile-framedphoto-shrink_100_100/profile-framedphoto-shrink_100_100/0/1734451475003?e=1741125600&v=beta&t=jH2d1qP7k5Qo8ezOX4kIL3Dz5aDnDzyaL4lwqNa9Sg4
https://www.linkedin.com/in/vasily-tsvetkov-227218ab,https://media.licdn.com/dms/image/v2/D4E03AQGUqBq49iUkMQ/profile-displayphoto-shrink_100_100/profile-displayphoto-shrink_100_100/0/1643640984659?e=1746057600&v=beta&t=sD42pcdyzkM6tt4NkiV3dcZjL1AQ3OzI1u9vyhlQJ9o
https://www.linkedin.com/in/henrideda,https://media.licdn.com/dms/image/v2/D5603AQHov65BOm7T0g/profile-displayphoto-shrink_100_100/profile-displayphoto-shrink_100_100/0/1711484188912?e=1746057600&v=beta&t=WOg53QbT1qBj2ihS12ebOQbIJEgJ3rfv327SeuHjRxY
https://www.linkedin.com/in/rae-castillon,https://media.licdn.com/dms/image/v2/D5603AQFkci5cxq9qoA/profile-displayphoto-shrink_100_100/profile-displayphoto-shrink_100_100/0/1713395437697?e=1746057600&v=beta&t=hQJltAKlEOGqere3tUUYIU0xpFr50nwur0BSpfINfe0
https://www.linkedin.com/in/lucija-klaric-43877856,https://media.licdn.com/dms/image/v2/C5103AQE6CgVFnEEHEQ/profile-displayphoto-shrink_100_100/profile-displayphoto-shrink_100_100/0/1516934803387?e=1746057600&v=beta&t=Pq7JUyLaF3XOdaxnXunauD5cyI0I4sj_PiaPzUcQioA
https://www.linkedin.com/in/nickgrundy,https://media.licdn.com/dms/image/v2/D5603AQENL2SxFN0j8g/profile-displayphoto-shrink_100_100/profile-displayphoto-shrink_100_100/0/1675965201829?e=1746057600&v=beta&t=zCHtXeH3zifJIh9QO4TsALVKjrSs1CnDU7UjU4KWB-A
https://www.linkedin.com/in/miranda-ackerman,https://media.licdn.com/dms/image/v2/D4E03AQHJkp4ewZJMTQ/profile-displayphoto-shrink_100_100/profile-displayphoto-shrink_100_100/0/1725610350614?e=1746057600&v=beta&t=tZiTNq4HAnzI-r7p2YmE5TVGWrNe9nSKqE9cvhN2Mkc
https://www.linkedin.com/in/alexander-vl-kuznetsov,https://media.licdn.com/dms/image/v2/C5603AQHdaMvIu8ZMdA/profile-displayphoto-shrink_100_100/profile-displayphoto-shrink_100_100/0/1584471612490?e=1746057600&v=beta&t=v78NepWWQv0XaPs497syKUaNwkJvcReKO7DycQMU6SU
https://www.linkedin.com/in/hireyourteam,https://media.licdn.com/dms/image/v2/D4D35AQF5zEQ7-UmTFQ/profile-framedphoto-shrink_100_100/profile-framedphoto-shrink_100_100/0/1739138022782?e=1741125600&v=beta&t=nYcogwqpCcpQkci0LhGIzCPTrd_Z6YqBVgiiXhp9RT8
https://www.linkedin.com/in/max-y-surin,https://media.licdn.com/dms/image/v2/D4E35AQFACRMYuFo6pw/profile-framedphoto-shrink_100_100/profile-framedphoto-shrink_100_100/0/1707167316401?e=1741125600&v=beta&t=izQ1MroSkCmfiwWH3Pmyo6aDAr6k3eORKBiooF1GbFM
https://www.linkedin.com/in/kateryna-kulikova,https://media.licdn.com/dms/image/v2/D4D03AQHB34iC0eM8xQ/profile-displayphoto-shrink_100_100/B4DZORSKHoHQAU-/0/1733309277149?e=1746057600&v=beta&t=8c1TDefo4_HjmD8o89r4d_dy0jf127HLxC5fSf7uqgQ
https://www.linkedin.com/in/dimamandryka,https://media.licdn.com/dms/image/v2/C4E03AQEHXEqJMfpHmQ/profile-displayphoto-shrink_100_100/profile-displayphoto-shrink_100_100/0/1621330922426?e=1746057600&v=beta&t=PGtqZgyaHLNbWA3mLe_Olv9joodwlCCNDX7D0SUjtG0
https://www.linkedin.com/in/adithyapathipaka,https://media.licdn.com/dms/image/v2/D4E35AQHtONzNBG8Igw/profile-framedphoto-shrink_100_100/profile-framedphoto-shrink_100_100/0/1734549437255?e=1741125600&v=beta&t=2cdniUa_-N3COxGMlIbAYM7vAZE_Npij_-DR-ODEhcA
https://www.linkedin.com/in/zain-ul-hassan-,https://media.licdn.com/dms/image/v2/D4D03AQF5Voe7w5rNzg/profile-displayphoto-shrink_100_100/B4DZTVF0GVHkAU-/0/1738741859833?e=1746057600&v=beta&t=HlzKgYhln_NakXOjRGI--S0h8qk0O2iqgCKCpbIv4CM
https://www.linkedin.com/in/volkovfa,https://media.licdn.com/dms/image/v2/C5603AQHsLAITlyLjQg/profile-displayphoto-shrink_100_100/profile-displayphoto-shrink_100_100/0/1561200125982?e=1746057600&v=beta&t=cRZLWYKfVyzvjj6Kd6iTeoiRO6Q3pTtIMUntzvfJ5Yg
https://www.linkedin.com/in/arseniy-shishaev,https://media.licdn.com/dms/image/v2/C4D03AQHhPolP16EZAw/profile-displayphoto-shrink_100_100/profile-displayphoto-shrink_100_100/0/1587132417985?e=1746057600&v=beta&t=t4r3kfnFoiH5SOQyLaDUClMlcCU63rWAB06mjl7teHM
https://www.linkedin.com/in/oleksandr-siniavin-7a31a5134,https://media.licdn.com/dms/image/v2/C4D03AQEfhfHPx5zngw/profile-displayphoto-shrink_100_100/profile-displayphoto-shrink_100_100/0/1530723789947?e=1746057600&v=beta&t=VET97K66CHvgn6B_jvhnE7wZmQ55iuYPJo5VhT_FC1A
https://www.linkedin.com/in/eric-morgen-63a6012a,https://media.licdn.com/dms/image/v2/D5603AQHvdXmXOxkf6g/profile-displayphoto-shrink_100_100/profile-displayphoto-shrink_100_100/0/1698380617759?e=1746057600&v=beta&t=LbhOxVBMWEbdE97ausWgN45yXU5LyqzEbjeP-ud9UQA
https://www.linkedin.com/in/naisha-shah,https://media.licdn.com/dms/image/v2/C5603AQG_R7lGXg_kiA/profile-displayphoto-shrink_100_100/profile-displayphoto-shrink_100_100/0/1578682721345?e=1746057600&v=beta&t=pCpKGlzvwXTKhP0LIQ3dgHHBGjokM47p7ETRHYB4jn8
https://www.linkedin.com/in/slawomir-tulski-091611116,https://media.licdn.com/dms/image/v2/C5103AQE15Afq5CW1hg/profile-displayphoto-shrink_100_100/profile-displayphoto-shrink_100_100/0/1517481371143?e=1746057600&v=beta&t=qNaMxKvV6XgLvMlIMZ3JDuCG4olcGH9UjZk-cFXB-1Y
https://www.linkedin.com/in/shacharmeir,https://media.licdn.com/dms/image/v2/C5103AQFf5KN6Q-JeAg/profile-displayphoto-shrink_100_100/profile-displayphoto-shrink_100_100/0/1516338561859?e=1746057600&v=beta&t=7Th4YnNCuo90h0RjZT9c2eKN1evddjdndaQeE0vw0D0
https://www.linkedin.com/in/sharujah-srinathan-39627619b,https://media.licdn.com/dms/image/v2/D4E03AQGuNwTTIpZNVg/profile-displayphoto-shrink_100_100/B4EZRg79wqG0AU-/0/1736793120563?e=1746057600&v=beta&t=fkjMeG_cPCE-T5ku0Q5AqToOx-Ky3HGHFxF0bd9VgCc
https://www.linkedin.com/in/jphilli,https://media.licdn.com/dms/image/v2/D4E03AQFpeLU2B2Tt-w/profile-displayphoto-shrink_100_100/profile-displayphoto-shrink_100_100/0/1711239206698?e=1746057600&v=beta&t=8ukRluXbTlfmipFMKTJ23Nq3K6xTORo1ZkSeuZGbUUY
https://www.linkedin.com/in/andre-claassen,https://media.licdn.com/dms/image/v2/C4E03AQGjN4GPLBMLUA/profile-displayphoto-shrink_100_100/profile-displayphoto-shrink_100_100/0/1655711983013?e=1746057600&v=beta&t=88cq5Xg6i5_zlPC1nt6fQVDuaL3OqZq8b1X6J24KRC4
https://www.linkedin.com/in/phdelh,https://media.licdn.com/dms/image/v2/C4E03AQEF9rvlKkVFHQ/profile-displayphoto-shrink_100_100/profile-displayphoto-shrink_100_100/0/1516953776165?e=1746057600&v=beta&t=OxdbNYmgm-r3TZi3caQ1NPoss5YTiAwQrO2ba5q3WGc
https://www.linkedin.com/in/cpyrros,https://media.licdn.com/dms/image/v2/D4E03AQFkoZSeVo12rg/profile-displayphoto-shrink_100_100/profile-displayphoto-shrink_100_100/0/1670852728985?e=1746057600&v=beta&t=ljKgL68yn8fVnpdfAdtSMIaXnXjW3Z7J7Ck-N90QKOA
https://www.linkedin.com/in/martijn-laurent-daemen,https://media.licdn.com/dms/image/v2/C5603AQFtdzYdnalbEQ/profile-displayphoto-shrink_100_100/profile-displayphoto-shrink_100_100/0/1527104480520?e=1746057600&v=beta&t=QyO7elEVdb302ITm3mDPihic0FZwVkHtnRe234gBuTs
https://www.linkedin.com/in/nathanjonesdata,https://media.licdn.com/dms/image/v2/D4E03AQFsWZGOXJcZ6g/profile-displayphoto-shrink_100_100/B4EZTfErwaHcAU-/0/1738909335036?e=1746057600&v=beta&t=wzHGOlGjV6v8C2VD65-N2tEulYRokdSRqZywn5RjJ-c
https://www.linkedin.com/in/zahramohammadpour497,https://media.licdn.com/dms/image/v2/D4E03AQFOQ6U8gsyTBw/profile-displayphoto-shrink_100_100/profile-displayphoto-shrink_100_100/0/1730048594887?e=1746057600&v=beta&t=bXKmwzdq6BVcZK9tjGc5WvHLB5VGHjuVkn8v53WnQaI
https://www.linkedin.com/in/kiawinslow,https://media.licdn.com/dms/image/v2/D5603AQF-7RWos7WlVw/profile-displayphoto-shrink_100_100/profile-displayphoto-shrink_100_100/0/1727733907599?e=1746057600&v=beta&t=okEgRXZiIzeDNYz-Xk1MuDTvl4WmvwHXkGS7UKZ8FY8
https://www.linkedin.com/in/mar-yan93,https://media.licdn.com/dms/image/v2/D5603AQE4Fnh4zNuGEQ/profile-displayphoto-shrink_100_100/profile-displayphoto-shrink_100_100/0/1679401830493?e=1746057600&v=beta&t=VTydnZes7w5wmKr-SAdWI9fPblsAiG7dy6zfpWpahWM
https://www.linkedin.com/in/ameliegagne,https://media.licdn.com/dms/image/v2/D4E35AQEa-pOdwp0fOw/profile-framedphoto-shrink_100_100/B4EZUszevYGgAk-/0/1740213447910?e=1741125600&v=beta&t=IGGFVQdzqqc40ApxQ6QnLwvShkEmKrt26biqkj2U0Tw
https://www.linkedin.com/in/arockianirmal,https://media.licdn.com/dms/image/v2/D4E03AQEuKalt906NCg/profile-displayphoto-shrink_100_100/B4EZUiUFutHUAY-/0/1740037448022?e=1746057600&v=beta&t=YvdIjVUnTwM44i29xbHziHJyJq3_BLCbA_lDJiUdd4I
https://www.linkedin.com/in/felixduus,https://media.licdn.com/dms/image/v2/D4E03AQEpfbFUzFRB7g/profile-displayphoto-shrink_100_100/profile-displayphoto-shrink_100_100/0/1668196121805?e=1746057600&v=beta&t=_zDy6gCj__xrGw4dxyb6q54Ol5-cIwtgvwNPyboJ5Gg
https://www.linkedin.com/in/lisalnagel,https://media.licdn.com/dms/image/v2/D4E03AQElSoGdDoujHQ/profile-displayphoto-shrink_100_100/profile-displayphoto-shrink_100_100/0/1726673137338?e=1746057600&v=beta&t=L_N1R78dg23pmzl-iWiy5ZqCuRUMi6LaXCNbttjlZuU
https://www.linkedin.com/in/mine-akbaba-88937b195,"data:image/gif;base64,R0lGODlhAQABAIAAAAAAAP///yH5BAEAAAAALAAAAAABAAEAAAIBRAA7"
https://www.linkedin.com/in/phil-thomae-363730219,https://media.licdn.com/dms/image/v2/D4E03AQFaYkiCPrIfXQ/profile-displayphoto-shrink_100_100/profile-displayphoto-shrink_100_100/0/1709635840078?e=1746057600&v=beta&t=7HUDXBi1Pz-puJzj4f89cMB_43oRm7T_Qrw5YXfYO4c
https://www.linkedin.com/in/iamtimfrazer,https://media.licdn.com/dms/image/v2/D4E03AQEWcer2DN6GLg/profile-displayphoto-shrink_100_100/B4EZU0Dt35HMAU-/0/1740335144777?e=1746057600&v=beta&t=sbheCumPLL-X_ma_e5PdE_1ZaTfMjDQoSsgAXQQYPgY
https://www.linkedin.com/in/%D0%BC%D0%B0%D0%BA%D1%81%D0%B8%D0%BC-%D0%BE%D1%80%D0%BB%D0%B5%D0%BD%D0%BA%D0%BE-bb815bb3,https://media.licdn.com/dms/image/v2/C4D03AQGnV4cExFoNtg/profile-displayphoto-shrink_100_100/profile-displayphoto-shrink_100_100/0/1561446952016?e=1746057600&v=beta&t=ojtdpkwC8fpZmfHqeVkQSpiEbROyBItEBBpyjzQYT4o
https://www.linkedin.com/in/darleen-k92016667,https://media.licdn.com/dms/image/v2/D4E03AQFj6B6uFm-80g/profile-displayphoto-shrink_100_100/B4EZTNqBX_GgAY-/0/1738617137823?e=1746057600&v=beta&t=saAYZt8o6-JSWS7hbMx6ggdNh59WyZWth9atcAPcaos
https://www.linkedin.com/in/pravalika-bhukya-74560b237,https://media.licdn.com/dms/image/v2/D5635AQGIyGRPO8GR1g/profile-framedphoto-shrink_100_100/profile-framedphoto-shrink_100_100/0/1737558954870?e=1741125600&v=beta&t=4i9RzOSxduNmQ6Dv0_TAKOFf8yloj3WOT3EyxFNG86Y
https://www.linkedin.com/in/nicolay-gerold,https://media.licdn.com/dms/image/v2/D4D03AQFAXRIUBTR10Q/profile-displayphoto-shrink_100_100/B4DZSTgJw4GUAU-/0/1737641467467?e=1746057600&v=beta&t=L-IeaBSJSfJmUyK-dDYT73sf0P_6co7HXre2VZCRU8g
https://www.linkedin.com/in/elina-teplygina,https://media.licdn.com/dms/image/v2/D4D03AQE0JH3N2slS2w/profile-displayphoto-shrink_100_100/B4DZO_pm5lHcAU-/0/1734087176514?e=1746057600&v=beta&t=wg-aHq2FLdyAx3KER_irvV4iuUYwBPPKMISXefUVuHo
https://www.linkedin.com/in/kharitonov-dmitrii,https://media.licdn.com/dms/image/v2/D4D35AQFZdbHpjKauKQ/profile-framedphoto-shrink_100_100/profile-framedphoto-shrink_100_100/0/1732887061994?e=1741125600&v=beta&t=lMl9Rj8lKP4i9v102WbHjJbJGt5a_rIMmzBDXyJzDq0
https://www.linkedin.com/in/nataliiafolgina,https://media.licdn.com/dms/image/v2/D4D03AQE2Vct5IBG5zA/profile-displayphoto-shrink_100_100/profile-displayphoto-shrink_100_100/0/1706979373477?e=1746057600&v=beta&t=DdBSabGR7nHkjv95IqGXdJtpQMyBtaps8bRJkbhlyJU
https://www.linkedin.com/in/pskuzin,https://media.licdn.com/dms/image/v2/D4D03AQEmL5HMJ9VQ9Q/profile-displayphoto-shrink_100_100/profile-displayphoto-shrink_100_100/0/1729549404051?e=1746057600&v=beta&t=JnRluV8xfRWmpjhYcXKyTRPltPSznMcRw7CuOfzmUWg
https://www.linkedin.com/in/ivan-tsarev-2a7691147,https://media.licdn.com/dms/image/v2/C4D03AQH3npV8aGq8oA/profile-displayphoto-shrink_100_100/profile-displayphoto-shrink_100_100/0/1517844479355?e=1746057600&v=beta&t=y5W9LASJ3dCPuWiM-fdTgjvLDl30VTtsIXVKYtudYGc
https://www.linkedin.com/in/yoheved-elitzur-innovations,https://media.licdn.com/dms/image/v2/C4E03AQHU7ysU3woKcg/profile-displayphoto-shrink_100_100/profile-displayphoto-shrink_100_100/0/1638850391433?e=1746057600&v=beta&t=GYN-LKqcDJ11jiNK8Ij973qgoBN1q5yrxTEoHeYoqoo
https://www.linkedin.com/in/evgeniya-vorobyeva,https://media.licdn.com/dms/image/v2/C4D03AQFVnnIj0rAydQ/profile-displayphoto-shrink_100_100/profile-displayphoto-shrink_100_100/0/1558290003906?e=1746057600&v=beta&t=rTTTK2XecqB6bBi4qaKVd6sH7Btn2XT0mMTAQZFZ1q4
https://www.linkedin.com/in/sanchit-sarhadi-289a25107,https://media.licdn.com/dms/image/v2/D5603AQHPU3kLKs3JFQ/profile-displayphoto-shrink_100_100/profile-displayphoto-shrink_100_100/0/1726565300699?e=1746057600&v=beta&t=DH_yt9EvQGEY1HgY8fxKVdgO1ol7L8Y7kfCubL3hJVM
https://www.linkedin.com/in/fiddike,https://media.licdn.com/dms/image/v2/C4D03AQE7WSF7-RIqEg/profile-displayphoto-shrink_100_100/profile-displayphoto-shrink_100_100/0/1572640698778?e=1746057600&v=beta&t=_zlKEB9EAkG9ey2fBx1mB_sobXbuxV1FoDdUMSzqFn8
https://www.linkedin.com/in/zsakalauskaite,https://media.licdn.com/dms/image/v2/D5603AQGh29UkpAtfUw/profile-displayphoto-shrink_100_100/profile-displayphoto-shrink_100_100/0/1723661560552?e=1746057600&v=beta&t=CreWDCLFW6tX9tkExWXxN_C12mLiKPhASupDLJHUi1o
https://www.linkedin.com/in/schmidberger,https://media.licdn.com/dms/image/v2/D4E03AQEjT3MRFGDc8Q/profile-displayphoto-shrink_100_100/profile-displayphoto-shrink_100_100/0/1665582525791?e=1746057600&v=beta&t=HfjCb11RG9E1J1lcV4yDbBlz-G3zNuTbyqXaeDRwCUk
https://www.linkedin.com/in/olga-narochnaya,https://media.licdn.com/dms/image/v2/D4E03AQG66ymBzFx_5Q/profile-displayphoto-shrink_100_100/profile-displayphoto-shrink_100_100/0/1706868747120?e=1746057600&v=beta&t=-ugvmaOVBchh3DSxPaYLj0ruAR9TKBAOWXi6S9uzQVM
https://www.linkedin.com/in/alicja-scisiewicz-b2984894,https://media.licdn.com/dms/image/v2/D4E03AQFg3FaJkxTpqA/profile-displayphoto-shrink_100_100/profile-displayphoto-shrink_100_100/0/1680513708339?e=1746057600&v=beta&t=EzdQpJ9oiQw8M0iO6TKlqSwCcA_lazWqgv-3xwC4hnY
https://www.linkedin.com/in/vadym-pichurin-224a37a2,https://media.licdn.com/dms/image/v2/D4E03AQG5tLdMEtr_BQ/profile-displayphoto-shrink_100_100/profile-displayphoto-shrink_100_100/0/1724144319793?e=1746057600&v=beta&t=z-LpcoebkpNyQ4KNM63--kTRyqikFG6ZZLc9Jk9zRGM
https://www.linkedin.com/in/anastasia-vinokurova-088aa0329,"data:image/gif;base64,R0lGODlhAQABAIAAAAAAAP///yH5BAEAAAAALAAAAAABAAEAAAIBRAA7"
https://www.linkedin.com/in/vivek-cheripally,https://media.licdn.com/dms/image/v2/D4D03AQHVHoFz_XmgPg/profile-displayphoto-shrink_100_100/profile-displayphoto-shrink_100_100/0/1707217576060?e=1746057600&v=beta&t=mdOMKe8SkfoSsVPw3gJ-yEM_f-xYbh2WmFZTMiT8Uy0
https://www.linkedin.com/in/jodi-barrow-aa0b6a115,https://media.licdn.com/dms/image/v2/D4E03AQGdn0HInLmpjg/profile-displayphoto-shrink_100_100/profile-displayphoto-shrink_100_100/0/1715777105502?e=1746057600&v=beta&t=tRJNTpbm2Zj8GJpU8dFBU0DOfKmjZZ9Gnz7zJcF9KhU
https://www.linkedin.com/in/patrick-kolze-218b14169,https://media.licdn.com/dms/image/v2/C4D03AQGiC6YKkHDSyA/profile-displayphoto-shrink_100_100/profile-displayphoto-shrink_100_100/0/1536510347539?e=1746057600&v=beta&t=b9FUtzau5c-6ntLYc44DVMaV9Syk2IgR-CxxE8mVgmU
https://www.linkedin.com/in/a-m%C3%BCbin-cevizci-392a6252,https://media.licdn.com/dms/image/v2/D4E35AQGSU0GB6JogsA/profile-framedphoto-shrink_100_100/profile-framedphoto-shrink_100_100/0/1735299872389?e=1741125600&v=beta&t=swCAwfEwl_wl5Y9TKWk3Zu_-39KLJOHiwWtcMRpeWFw
https://www.linkedin.com/in/louis-hebbs,https://media.licdn.com/dms/image/v2/D4D03AQG63HsHo23iOA/profile-displayphoto-shrink_100_100/profile-displayphoto-shrink_100_100/0/1700428717899?e=1746057600&v=beta&t=L6_wpnCDOT23Nu2q-CSxTxde1X_0TikVqiPetfYdDU4
https://www.linkedin.com/in/james-donovan-2b9a8980,https://media.licdn.com/dms/image/v2/D4D03AQGTkbbqKQ_6Qg/profile-displayphoto-shrink_100_100/profile-displayphoto-shrink_100_100/0/1719055069353?e=1746057600&v=beta&t=9VRHU32hYon1bFFNlu5bY9tWynWoRoIgHT692zbBJrA
https://www.linkedin.com/in/felix-balzer-b5645226a,https://media.licdn.com/dms/image/v2/D4E03AQGHf-KAZC7TDw/profile-displayphoto-shrink_100_100/profile-displayphoto-shrink_100_100/0/1686157248782?e=1746057600&v=beta&t=2cj2s4nsFqCsUq-QAdhyTnh7tWU55o8soJka_ZhX24Y
https://www.linkedin.com/in/vladimir-motorin-09902a2b,https://media.licdn.com/dms/image/v2/C4D03AQHRECIoQWbNlw/profile-displayphoto-shrink_100_100/profile-displayphoto-shrink_100_100/0/1517625099932?e=1746057600&v=beta&t=pr37tGODBDGVnBFdarSgSKNHd6Ec5wZpqVaVj8AJ_58
https://www.linkedin.com/in/michael-klimarev,https://media.licdn.com/dms/image/v2/C4E03AQFFBUMEBOfxRg/profile-displayphoto-shrink_100_100/profile-displayphoto-shrink_100_100/0/1628629712536?e=1746057600&v=beta&t=dn0ckOa1BD_HKSiOhMRuHsFKJ9q3HoNj1w1QsacbvkY
https://www.linkedin.com/in/eugene-nasyrov,https://media.licdn.com/dms/image/v2/D4E03AQFE9tyrCx1u1A/profile-displayphoto-shrink_100_100/profile-displayphoto-shrink_100_100/0/1667348054786?e=1746057600&v=beta&t=iUTB3Xfb6OLrdBmQkNytWKDPG-8UHPmaIdfAGlvOwWU
https://www.linkedin.com/in/sarah-nosratlu-b925a532,https://media.licdn.com/dms/image/v2/C5603AQFonnUJDSkrdw/profile-displayphoto-shrink_100_100/profile-displayphoto-shrink_100_100/0/1516507119055?e=1746057600&v=beta&t=7EUrGYNrnEEKbH2FPYLHkYm5zTQUXIGA8x7yqynErsg
https://www.linkedin.com/in/raphaelabauer,https://media.licdn.com/dms/image/v2/C4D03AQFDjDCUQ5Jauw/profile-displayphoto-shrink_100_100/profile-displayphoto-shrink_100_100/0/1598130734973?e=1746057600&v=beta&t=EHPYk4LlKt7EOCj470taTvVS2vnF_a2dofAjbYjkr34
https://www.linkedin.com/in/enahecheltjen,https://media.licdn.com/dms/image/v2/C4E03AQE58UTY0DyONA/profile-displayphoto-shrink_100_100/profile-displayphoto-shrink_100_100/0/1659336159597?e=1746057600&v=beta&t=jrEhQRYJXA-8Em2wSUoMJ2HihKawTZL5ImgZuJ6XBbQ
https://www.linkedin.com/in/steven-waterson-8b34151b4,https://media.licdn.com/dms/image/v2/D4E03AQEaKqGlS5cKdQ/profile-displayphoto-shrink_100_100/profile-displayphoto-shrink_100_100/0/1686655422827?e=1746057600&v=beta&t=L-B3a8WgZJmAWUzOzG0o7zOGDrw35crpXrKK2rafeMI
https://www.linkedin.com/in/anna-zaretskaya-a28a50213,https://media.licdn.com/dms/image/v2/C4E03AQFlZTjEYwYqzQ/profile-displayphoto-shrink_100_100/profile-displayphoto-shrink_100_100/0/1661335023557?e=1746057600&v=beta&t=4BCGMmh056ksgMNFuwOCcr-eS-K76Prksq-X5Hr8jMk
https://www.linkedin.com/in/kolja-wilcke-57b938289,https://media.licdn.com/dms/image/v2/D4E35AQG30Uf4u8zFqA/profile-framedphoto-shrink_100_100/profile-framedphoto-shrink_100_100/0/1706610393767?e=1741125600&v=beta&t=7BzdW6l-OLKP4nTV1ya69fdIR5-sJTeNGbeFzvqYCps
https://www.linkedin.com/in/merrylwilson,https://media.licdn.com/dms/image/v2/D4D03AQHFzV9uQuAETg/profile-displayphoto-shrink_100_100/B4DZOY4HLfHcAY-/0/1733436668278?e=1746057600&v=beta&t=lZnvok_VJI63_iWdGOL_03-Kxkcmj2j3EM1muWYMM0s
https://www.linkedin.com/in/brian-blank-97074b140,https://media.licdn.com/dms/image/v2/D4E03AQFW-qdNlTRQ5Q/profile-displayphoto-shrink_100_100/profile-displayphoto-shrink_100_100/0/1677510651317?e=1746057600&v=beta&t=bIdRosFNF0dpIONVpwfE7WQ85zu88kOK-68Kn8vA0UY
https://www.linkedin.com/in/andreas-weinberger-18510234,https://media.licdn.com/dms/image/v2/C5603AQFNV6ElazAwVA/profile-displayphoto-shrink_100_100/profile-displayphoto-shrink_100_100/0/1551769498188?e=1746057600&v=beta&t=An_1o56KSBKS1WXhvOogUu8oOfJmP_RiZjVIFlXmHp0
https://www.linkedin.com/in/vinuth,https://media.licdn.com/dms/image/v2/C5103AQHOu-gtS4Q88g/profile-displayphoto-shrink_100_100/profile-displayphoto-shrink_100_100/0/1537804886489?e=1746057600&v=beta&t=pb_skAQnzrXevj_G6O9AAnfWnGyddS4XfRejErBXqI0
https://www.linkedin.com/in/elvirabekyrova,https://media.licdn.com/dms/image/v2/D4D03AQGC0YosFmNJhg/profile-displayphoto-shrink_100_100/profile-displayphoto-shrink_100_100/0/1711284443123?e=1746057600&v=beta&t=RiFmYLyy6rexTv82HILKyYpoCVVHFj1ow8ChY_HYuaw
https://www.linkedin.com/in/lvkrlv,https://media.licdn.com/dms/image/v2/D4E03AQEnemN_6sLNGg/profile-displayphoto-shrink_100_100/profile-displayphoto-shrink_100_100/0/1728495224383?e=1746057600&v=beta&t=oc0NXoTRObwDTKZOGyKJYImwXrIJmUXDmuUK2O-zjcg
https://www.linkedin.com/in/romain-thblt,https://media.licdn.com/dms/image/v2/D4E03AQHoNTMJU8GV6Q/profile-displayphoto-shrink_100_100/profile-displayphoto-shrink_100_100/0/1696536226515?e=1746057600&v=beta&t=30Zk_VjZjvdp5VBx_VvVl5FiEYOW4OrrB72IEwmLmm0
https://www.linkedin.com/in/jacek-golebiowski,https://media.licdn.com/dms/image/v2/D4D03AQGqLv2OO8xZTg/profile-displayphoto-shrink_100_100/B4DZSZUxqWGkAY-/0/1737739148279?e=1746057600&v=beta&t=uvTotRU4uH10AMa7SUWwXDEwB028OqI5J9kfVcHG9bA
https://www.linkedin.com/in/somasundaram-sekar,https://media.licdn.com/dms/image/v2/C4E03AQH-Cq5SuYsqPA/profile-displayphoto-shrink_100_100/profile-displayphoto-shrink_100_100/0/1607112757261?e=1746057600&v=beta&t=C_AJ32zn7bxHhM7z59ejX-bit4FcQATiUDqlfwT9hgw
https://www.linkedin.com/in/denis-varaksin-a71b287,https://media.licdn.com/dms/image/v2/D4E03AQHpFA7ILHCd8w/profile-displayphoto-shrink_100_100/B4EZRvgMJnHMAU-/0/1737037498385?e=1746057600&v=beta&t=6l-Exzq9AKNmrFxaC6QUmrcScDZLIIDKQD5fDDD-Hb8
https://www.linkedin.com/in/grivurko,https://media.licdn.com/dms/image/v2/D4E35AQGxuu9Nmf4E8A/profile-framedphoto-shrink_100_100/profile-framedphoto-shrink_100_100/0/1691276918661?e=1741125600&v=beta&t=86wfNuQKlWo6nZEmcq4wWV0J-SH6Ac75M1gjLiBDmtg
https://www.linkedin.com/in/matt-zuma,https://media.licdn.com/dms/image/v2/D4E03AQGQQoUeeuy_Lg/profile-displayphoto-shrink_100_100/profile-displayphoto-shrink_100_100/0/1702631434425?e=1746057600&v=beta&t=34qpgQL4PLBx1i_6-9Oo8CQzMBsnYCSgHRnJDc1iANA
https://www.linkedin.com/in/daria-tsyrulnikova-a97217312,https://media.licdn.com/dms/image/v2/D5603AQE_uia81j7EWQ/profile-displayphoto-shrink_100_100/profile-displayphoto-shrink_100_100/0/1718263136344?e=1746057600&v=beta&t=PFeNeK35rLFsy6FPKwDab9cQ8PmapjuFrZUyQ4JSQKc
https://www.linkedin.com/in/alexandermartalog,https://media.licdn.com/dms/image/v2/C4D03AQEEWuVrm9kTNg/profile-displayphoto-shrink_100_100/profile-displayphoto-shrink_100_100/0/1547472151378?e=1746057600&v=beta&t=hUDmEQJss9jN3IZKtuQX1kW2eQ9L9Na_hKhHrviY8aQ
https://www.linkedin.com/in/natalia-kryukova,https://media.licdn.com/dms/image/v2/D4E03AQG7enQbWUP88g/profile-displayphoto-shrink_100_100/profile-displayphoto-shrink_100_100/0/1698339930063?e=1746057600&v=beta&t=iMuFmXCV_fySWilZyaSLvlRkCMV1IiZJkAUdLQo201E
https://www.linkedin.com/in/felicia-von-reden-67b24b114,https://media.licdn.com/dms/image/v2/D5635AQGOWITSh-UNxA/profile-framedphoto-shrink_100_100/B56ZUTI57SHEAk-/0/1739782856703?e=1741125600&v=beta&t=oBv7XSklL9m1zkKwATS16JAElPuXmTTSjKe2-oHS758
https://www.linkedin.com/in/lukec94,https://media.licdn.com/dms/image/v2/D4E03AQF_ruVBVfApcA/profile-displayphoto-shrink_100_100/profile-displayphoto-shrink_100_100/0/1705306176998?e=1746057600&v=beta&t=BehMrx7WZC9NdtOidC85WJpJcBkm3jS-k9WZlj29trs
https://www.linkedin.com/in/asm0dey,https://media.licdn.com/dms/image/v2/D4E03AQHP7sf_03W7Gg/profile-displayphoto-shrink_100_100/profile-displayphoto-shrink_100_100/0/1722891786806?e=1746057600&v=beta&t=4j_SXR_LfdzSxTGN8DhoCHxurdFFaYoQ24XglqRyt4c
https://www.linkedin.com/in/martin-kuhn-42518b269,https://media.licdn.com/dms/image/v2/D4D03AQGyE9Ng_HuDvQ/profile-displayphoto-shrink_100_100/profile-displayphoto-shrink_100_100/0/1679397988696?e=1746057600&v=beta&t=6r9h20-U_8uB4PSaToJYx5f7WA2yod9JB0-X4G4cWq0
https://www.linkedin.com/in/nana-morozova-76882a245,"data:image/gif;base64,R0lGODlhAQABAIAAAAAAAP///yH5BAEAAAAALAAAAAABAAEAAAIBRAA7"
https://www.linkedin.com/in/antonmoisieiev,https://media.licdn.com/dms/image/v2/D4E03AQHNLD_1zC3V7Q/profile-displayphoto-shrink_100_100/profile-displayphoto-shrink_100_100/0/1711630922228?e=1746057600&v=beta&t=oof2-SosTapIPjjKKEMlRXCXM42O0WFsLTBzX97bI4o
https://www.linkedin.com/in/andrelamoraes,https://media.licdn.com/dms/image/v2/C4D03AQHMgNrvy_de4Q/profile-displayphoto-shrink_100_100/profile-displayphoto-shrink_100_100/0/1516582921159?e=1746057600&v=beta&t=f6Zm-5Ukp8IsZo8jVJMkCXNa0QIbrGViYHOOuGWVScs
https://www.linkedin.com/in/spurtov,https://media.licdn.com/dms/image/v2/D5603AQFjb0LJDW8zpQ/profile-displayphoto-shrink_100_100/profile-displayphoto-shrink_100_100/0/1681561390589?e=1746057600&v=beta&t=ahAPaSHEYdVItSL5afblr9zjq-2diKdUEj9CIIsqIfc
https://www.linkedin.com/in/christof-brungr%C3%A4ber-9444bb266,https://media.licdn.com/dms/image/v2/D4E03AQHvXoelvsHbfg/profile-displayphoto-shrink_100_100/profile-displayphoto-shrink_100_100/0/1676472573576?e=1746057600&v=beta&t=eBTVIKQYZ3PPfEQUwFsDOA7qtUcZ0Saej3S8kfejWT0
https://www.linkedin.com/in/sergio-r-r,https://media.licdn.com/dms/image/v2/C4E03AQHbLHjZL3OLkg/profile-displayphoto-shrink_100_100/profile-displayphoto-shrink_100_100/0/1645451400279?e=1746057600&v=beta&t=-0AVlV4H0r637EbVWTHCI9HHEVPSVfxTiThxzns0N0M
https://www.linkedin.com/in/artur-rybicki,https://media.licdn.com/dms/image/v2/C5103AQEL_jH3aYNRpw/profile-displayphoto-shrink_100_100/profile-displayphoto-shrink_100_100/0/1517567666610?e=1746057600&v=beta&t=xBuR7cYeX4b5k1gaqK5xGm8Z0sZ4nUaOV2_Re78tQqY
https://www.linkedin.com/in/ingo-schellhammer-84808449,https://media.licdn.com/dms/image/v2/D4E03AQEtcrMlSfMsBA/profile-displayphoto-shrink_100_100/profile-displayphoto-shrink_100_100/0/1685968203342?e=1746057600&v=beta&t=yY7r5cYql0PKjZZEITSMZOc_6q-CtJPk8lIZzWDhbQA
https://www.linkedin.com/in/sebastianhewing,https://media.licdn.com/dms/image/v2/C5103AQF2BfSm3lgJOg/profile-displayphoto-shrink_100_100/profile-displayphoto-shrink_100_100/0/1530782295068?e=1746057600&v=beta&t=FYZGqZ03O-bBi36o-Y0rm0tTCAqjEguDSbsaepiYNw4
https://www.linkedin.com/in/peter-von-minnigerode,https://media.licdn.com/dms/image/v2/D4E03AQFTJv6W_CoNBA/profile-displayphoto-shrink_100_100/profile-displayphoto-shrink_100_100/0/1677599638821?e=1746057600&v=beta&t=gMK5w5LwZNo-RPtoyoKGpqpHMw4_241PIQ7w0GgC9ko
https://www.linkedin.com/in/freelanceexperts,https://media.licdn.com/dms/image/v2/D5603AQHOXLGgBf97Vw/profile-displayphoto-shrink_100_100/profile-displayphoto-shrink_100_100/0/1718254925814?e=1746057600&v=beta&t=QvDnZtY2PEKA69ibdNugj93gc-EKp3kg8d6-R_mOfl0
https://www.linkedin.com/in/sabine-n-7084208,https://media.licdn.com/dms/image/v2/D4D35AQGM6rQxDSJ7zA/profile-framedphoto-shrink_100_100/profile-framedphoto-shrink_100_100/0/1622191361801?e=1741125600&v=beta&t=CsqM0_dYVG5aSyS-7zvk57ULwrD2zMEpqEbncPiwObo
https://www.linkedin.com/in/mattjmitchell,https://media.licdn.com/dms/image/v2/D4E03AQE58awC8-4ptg/profile-displayphoto-shrink_100_100/profile-displayphoto-shrink_100_100/0/1706783580439?e=1746057600&v=beta&t=3DbdipSrP84DmZ_EB5eCQ2sA6pIcN2McQdxCi6t6SQU
https://www.linkedin.com/in/bernardomgoncalves,https://media.licdn.com/dms/image/v2/C4E03AQG8BTRqXU9XPQ/profile-displayphoto-shrink_100_100/profile-displayphoto-shrink_100_100/0/1653492873330?e=1746057600&v=beta&t=dfzLZOWusMroQDRDwTojet3KsgIS4357HVRNKqoHevY
https://www.linkedin.com/in/mnoumanshahzad,https://media.licdn.com/dms/image/v2/C4E03AQG0gJZmURSDXw/profile-displayphoto-shrink_100_100/profile-displayphoto-shrink_100_100/0/1516782424938?e=1746057600&v=beta&t=c70IQC_bN6oWXlxI7f-WLTmgdxLtsapM7HnjMNv0qt4
https://www.linkedin.com/in/mariomueller,https://media.licdn.com/dms/image/v2/D4E03AQHRONDgizziuA/profile-displayphoto-shrink_100_100/profile-displayphoto-shrink_100_100/0/1680717067125?e=1746057600&v=beta&t=c1nFFJ9Q7w_TMapg0jz-fwwE02tvJndt-MeWiMmTyKk
https://www.linkedin.com/in/antoine-mallassagne,https://media.licdn.com/dms/image/v2/D4E03AQHO1zd3GIhKjg/profile-displayphoto-shrink_100_100/B4EZObPRS3HsAY-/0/1733476292306?e=1746057600&v=beta&t=GpYGX7ZAxoz0QmR4lywD8cKgRp0urCIidNjWrfWhyB8
https://www.linkedin.com/in/natalie-noiman-10513184,https://media.licdn.com/dms/image/v2/D4E03AQEiYuUclkP4bw/profile-displayphoto-shrink_100_100/profile-displayphoto-shrink_100_100/0/1674139727466?e=1746057600&v=beta&t=pIz04Tne90uQteklJmBag3a0qIKst4jGQlq3WcsCOR4
https://www.linkedin.com/in/idosternberg,https://media.licdn.com/dms/image/v2/C4E03AQESvjnVt4CUpQ/profile-displayphoto-shrink_100_100/profile-displayphoto-shrink_100_100/0/1517466240639?e=1746057600&v=beta&t=LF3MA2mW1sK8sFXaK50U6Dfw9Hs_Voq-Io5qxRw9RRs
https://www.linkedin.com/in/katharina-bergunde-4b7379156,https://media.licdn.com/dms/image/v2/C4D03AQG4QJW3HkVVow/profile-displayphoto-shrink_100_100/profile-displayphoto-shrink_100_100/0/1644779036061?e=1746057600&v=beta&t=GhjmATlli-ln7HgtiFZ3PPFknJX9LKtW-MdE76dOZ6Y
https://www.linkedin.com/in/dominique-vandamme,https://media.licdn.com/dms/image/v2/D4D03AQGozcl_X0y2rA/profile-displayphoto-shrink_100_100/profile-displayphoto-shrink_100_100/0/1683137167698?e=1746057600&v=beta&t=jo0LFoimtTpz0yVhMBONz43gCSZHvWfAK9SyCgZMYRY
https://www.linkedin.com/in/ryanthughes,https://media.licdn.com/dms/image/v2/D4E03AQHQSFD6YXSa3w/profile-displayphoto-shrink_100_100/profile-displayphoto-shrink_100_100/0/1666193564416?e=1746057600&v=beta&t=pJNrRQ2btDiiJRpwKsrwNHUvgQAykMrwl9KVCKkFMK4
https://www.linkedin.com/in/alexander-knoch-277647151,https://media.licdn.com/dms/image/v2/D4E03AQEFV0pFq_meTw/profile-displayphoto-shrink_100_100/profile-displayphoto-shrink_100_100/0/1668583492781?e=1746057600&v=beta&t=fCx2gqR9zby0F09c39DkYCS3Y9HNvDlxVr_84CD1jkU
https://www.linkedin.com/in/irinabrudaru,https://media.licdn.com/dms/image/v2/C4E03AQF_LxqYY-Pj9g/profile-displayphoto-shrink_100_100/profile-displayphoto-shrink_100_100/0/1657087965918?e=1746057600&v=beta&t=QAYcskBU7yBFZV7pFyk7fNzo441vJTKRsMaBgJQ_1-I
https://www.linkedin.com/in/vlagutinskiy,https://media.licdn.com/dms/image/v2/C5603AQE-i7kTPkRS5w/profile-displayphoto-shrink_100_100/profile-displayphoto-shrink_100_100/0/1565125027367?e=1746057600&v=beta&t=-agMJCeDuQ5xUlGAjRYZpy6-hGUNRUzp_GdrxB1LVMY
https://www.linkedin.com/in/kirillsidorov,https://media.licdn.com/dms/image/v2/D4E03AQHJXikwhCLfuQ/profile-displayphoto-shrink_100_100/profile-displayphoto-shrink_100_100/0/1699350653856?e=1746057600&v=beta&t=cvGUKmYaoo0Lc-8rF1QaJQwBc7AyqHBGOkwnxECECYU
https://www.linkedin.com/in/pimnauts,https://media.licdn.com/dms/image/v2/D4E03AQEMrrsdvFecNg/profile-displayphoto-shrink_100_100/profile-displayphoto-shrink_100_100/0/1679823440571?e=1746057600&v=beta&t=Cr7YIB9h1BxR5TyqXjLftt9GMg1efiF3M2znqbdGQeQ
https://www.linkedin.com/in/marissa-de-rosa-21325747,https://media.licdn.com/dms/image/v2/C4E03AQGvVyTTarUOBQ/profile-displayphoto-shrink_100_100/profile-displayphoto-shrink_100_100/0/1651609606544?e=1746057600&v=beta&t=bxUHQSknB7PH3u3LushqOvJPOt0ShEcnfR4812QzanE
https://www.linkedin.com/in/kirilpanev,https://media.licdn.com/dms/image/v2/D4E03AQFbOrBTyUarpQ/profile-displayphoto-shrink_100_100/profile-displayphoto-shrink_100_100/0/1674823830810?e=1746057600&v=beta&t=Ie_MfDWWqBehCUXNubtj2Skjf_oT-TawGCLN-X2SLUQ
https://www.linkedin.com/in/kareem-mahmoud-b32211a0,https://media.licdn.com/dms/image/v2/C4D03AQE3Y4CQxQDK1w/profile-displayphoto-shrink_100_100/profile-displayphoto-shrink_100_100/0/1608129092057?e=1746057600&v=beta&t=_-r7d8CfMzwIcNrRg_rteMF6BWExCdR-t8imzX1rS5I
https://www.linkedin.com/in/kalvinb,https://media.licdn.com/dms/image/v2/D5603AQFgsPEvEMUCJA/profile-displayphoto-shrink_100_100/profile-displayphoto-shrink_100_100/0/1712959098918?e=1746057600&v=beta&t=D1K6b9UqWmaY5FaxqMXD10wOkyw1nAGTXE76L-cxYYY
https://www.linkedin.com/in/saschaneth,https://media.licdn.com/dms/image/v2/C4D03AQFLwJMlL3aHsQ/profile-displayphoto-shrink_100_100/profile-displayphoto-shrink_100_100/0/1587369259207?e=1746057600&v=beta&t=EjeMGA1vnoBNYy5MINVP6g5PIAcCeafOnu5bwJGP6e0
https://www.linkedin.com/in/kirill-shumeykin,https://media.licdn.com/dms/image/v2/D4D03AQHSQyv9SwsY8w/profile-displayphoto-shrink_100_100/profile-displayphoto-shrink_100_100/0/1702539813581?e=1746057600&v=beta&t=RbeAC9YwW8PUjoWRFCQgoWnw9a3RJLixU7D2YDS9BrM
https://www.linkedin.com/in/janheinemeyer,https://media.licdn.com/dms/image/v2/D4E03AQGdOVBch2lZ9g/profile-displayphoto-shrink_100_100/profile-displayphoto-shrink_100_100/0/1728420907504?e=1746057600&v=beta&t=8oDZ0gbJzZAfx3CHAwvD3agAjv05YTsLdjcZd5yuMEk
https://www.linkedin.com/in/robert-clifford-jones-9687314b,https://media.licdn.com/dms/image/v2/D4E03AQEZK0C_Q0GU8w/profile-displayphoto-shrink_100_100/profile-displayphoto-shrink_100_100/0/1728685171072?e=1746057600&v=beta&t=L08DrEslj0-1V5R6dgRTK3LPdVMNs2xxhINvxBlH808
https://www.linkedin.com/in/wolfgangkerner,https://media.licdn.com/dms/image/v2/D4D03AQF72I1kpkxRpA/profile-displayphoto-shrink_100_100/B4DZU8rzAlHYAc-/0/1740479869484?e=1746057600&v=beta&t=SUhTfpl_U9ig7c_lbp7eoIaMw7jt-EKhLiAGDnMOPzI
https://www.linkedin.com/in/alinequadros,https://media.licdn.com/dms/image/v2/C5603AQHZ4RzYQVUjvg/profile-displayphoto-shrink_100_100/profile-displayphoto-shrink_100_100/0/1549292921599?e=1746057600&v=beta&t=yo1WDTwjAXYA-h64C9pYyksXwLHbkN_EsXuufKc2M3E
https://www.linkedin.com/in/oprodan,https://media.licdn.com/dms/image/v2/D4E03AQG5-_EEYc4-Og/profile-displayphoto-shrink_100_100/profile-displayphoto-shrink_100_100/0/1706189753127?e=1746057600&v=beta&t=y5JZXAz-_JrdiJUIkK0bXl0d10mPYBif3S9N6lyPHy8
https://www.linkedin.com/in/mikki-hurt,https://media.licdn.com/dms/image/v2/C5603AQH3KtFL5AOnZQ/profile-displayphoto-shrink_100_100/profile-displayphoto-shrink_100_100/0/1517675637410?e=1746057600&v=beta&t=IZ67wSQhyPrHGNWROYSXvrFdVagZa38RWiNnGndWzMs
https://www.linkedin.com/in/charlie-incledon-webber-8250b6a3,https://media.licdn.com/dms/image/v2/D4D03AQFDxwFNyHZ-cw/profile-displayphoto-shrink_100_100/profile-displayphoto-shrink_100_100/0/1670254913100?e=1746057600&v=beta&t=tNHoXj1gimBHI2HELPm1RZDDkWGmatRlTRw8Y6_l7Xs
https://www.linkedin.com/in/linda-duerrbeck,https://media.licdn.com/dms/image/v2/D4E03AQGMGgev6N0tng/profile-displayphoto-shrink_100_100/profile-displayphoto-shrink_100_100/0/1671190253634?e=1746057600&v=beta&t=cqL7S4DlYiMQJFbNn_qD7GoBYKyoQGC3ociopW8C4D8
https://www.linkedin.com/in/oleksii-oleksiienko,https://media.licdn.com/dms/image/v2/D4D03AQHhX98NwaRThg/profile-displayphoto-shrink_100_100/profile-displayphoto-shrink_100_100/0/1730211365267?e=1746057600&v=beta&t=4PmomOuGxjh1cuOMNcgnR04XKqLqj121LkGdYFG0XJo
https://www.linkedin.com/in/dellacquacarlo,https://media.licdn.com/dms/image/v2/C5603AQGlIUoPH5ye-w/profile-displayphoto-shrink_100_100/profile-displayphoto-shrink_100_100/0/1517286059103?e=1746057600&v=beta&t=sgqnPXHpc-tC0OBunOyhgI8YHxk3PUqSbyvT0NoWy7c
https://www.linkedin.com/in/tabodhanya,https://media.licdn.com/dms/image/v2/D4E03AQGP70FuInUk-Q/profile-displayphoto-shrink_100_100/profile-displayphoto-shrink_100_100/0/1732483965450?e=1746057600&v=beta&t=Dwr-UhCJgnaKpgBiozK3PE4CNYs9Xx4kKCbdledAE7s
https://www.linkedin.com/in/anna-batasheva,https://media.licdn.com/dms/image/v2/C4D03AQFACuK0Dj9WpA/profile-displayphoto-shrink_100_100/profile-displayphoto-shrink_100_100/0/1601973146067?e=1746057600&v=beta&t=SausxTYtuEZmgR9rUiaEpNaoZVuZJEKA0bQQ3R4nKlI
https://www.linkedin.com/in/maria-senent-,https://media.licdn.com/dms/image/v2/C5603AQG9lVGwwesyLg/profile-displayphoto-shrink_100_100/profile-displayphoto-shrink_100_100/0/1532601120375?e=1746057600&v=beta&t=1i0ckcRsmSm1_gUbqYYAW7JGGJMRVltO45fCKjQ0IZU
https://www.linkedin.com/in/thetestingmuse,https://media.licdn.com/dms/image/v2/D4E03AQF8UjMKmoNoCQ/profile-displayphoto-shrink_100_100/profile-displayphoto-shrink_100_100/0/1718274036871?e=1746057600&v=beta&t=qk6RVtk6pdGNSevRNFS-GmjkWCn0kwSADWwpmn9TAGk
https://www.linkedin.com/in/bartvoorn,https://media.licdn.com/dms/image/v2/C4D03AQFlav-lhjrNBA/profile-displayphoto-shrink_100_100/profile-displayphoto-shrink_100_100/0/1525254379029?e=1746057600&v=beta&t=InsSzNmjEEkhJ39_L-j8FgSx8P8O3Yo8UPH-ifkv1l8
https://www.linkedin.com/in/ben-gl%C3%A4ser-42227b133,https://media.licdn.com/dms/image/v2/D4D03AQGpu7KHdMSvqQ/profile-displayphoto-shrink_100_100/profile-displayphoto-shrink_100_100/0/1710278524593?e=1746057600&v=beta&t=WmIuhqqI9BrGsPjED42uAyl1Cmajo4QQa--Vn0E89oQ
https://www.linkedin.com/in/christina-schwarzlose,https://media.licdn.com/dms/image/v2/C4D03AQGBL9Xdjk2JJA/profile-displayphoto-shrink_100_100/profile-displayphoto-shrink_100_100/0/1638896257923?e=1746057600&v=beta&t=XnLepoSEaODhg72UIsR6rtYY_izjcOxSNrwJdU9LAGc
https://www.linkedin.com/in/levleontiev,https://media.licdn.com/dms/image/v2/D4E35AQHbGTO3Zc_7Kg/profile-framedphoto-shrink_100_100/profile-framedphoto-shrink_100_100/0/1699248916545?e=1741125600&v=beta&t=ZQE9NkaTw2j_V4kksrV2nsVS5hfpX_UCXqsbK1-sTHo
https://www.linkedin.com/in/jamesmcmullan1,https://media.licdn.com/dms/image/v2/D4E03AQGhhlYIWlR4AA/profile-displayphoto-shrink_100_100/profile-displayphoto-shrink_100_100/0/1704506189936?e=1746057600&v=beta&t=3Vb6X06rJViK5o3i0E36vEmur1TVf5dmoh-qEccEpcw
https://www.linkedin.com/in/victor-shorzhin,https://media.licdn.com/dms/image/v2/D4D03AQGayA7wf_JDaA/profile-displayphoto-shrink_100_100/profile-displayphoto-shrink_100_100/0/1667221046382?e=1746057600&v=beta&t=RIUvNlZJ1xZYxkyg5SHDQyzTMNA_zwN2i4HZiy8Y5ws
https://www.linkedin.com/in/chaluvadis,https://media.licdn.com/dms/image/v2/D5603AQEpdH95cN9teA/profile-displayphoto-shrink_100_100/profile-displayphoto-shrink_100_100/0/1690180503258?e=1746057600&v=beta&t=DgQgklqV7mww68E7kkry0bBvqLZrn9u9ZxnTQu-ivbs
https://www.linkedin.com/in/luis-rodriguez-ruiz-software-engineer,https://media.licdn.com/dms/image/v2/C4D03AQGvtZMUf1PvCg/profile-displayphoto-shrink_100_100/profile-displayphoto-shrink_100_100/0/1606820431585?e=1746057600&v=beta&t=wR6mN2RxK_hT4INdd2Tijh3xhybJaK9VGFmM4hkZ_m0
https://www.linkedin.com/in/alessandro-muscoloni,https://media.licdn.com/dms/image/v2/C4E03AQH3bore5LacKg/profile-displayphoto-shrink_100_100/profile-displayphoto-shrink_100_100/0/1641726640411?e=1746057600&v=beta&t=-YuiXnoCIx-h04Bq7VmAnE-DfPbJGgwWHqBdKEEsO6w
https://www.linkedin.com/in/khamnaev,https://media.licdn.com/dms/image/v2/C4D03AQFS2ZUFttpDtw/profile-displayphoto-shrink_100_100/profile-displayphoto-shrink_100_100/0/1662367280238?e=1746057600&v=beta&t=Q-OCUE44vf1HvNg-G8QCBuTrVW0yRYFJKnLdp1qB7dU
https://www.linkedin.com/in/loiswarner,https://media.licdn.com/dms/image/v2/C4D03AQGOZIGv-byZVw/profile-displayphoto-shrink_100_100/profile-displayphoto-shrink_100_100/0/1600611984705?e=1746057600&v=beta&t=GB8Z8o_XVx64-jYhQk3ABLOOmyvqz8mruGCXXENU6uo
https://www.linkedin.com/in/pbackhouse78,https://media.licdn.com/dms/image/v2/D4E03AQH5odDOktW1ug/profile-displayphoto-shrink_100_100/B4EZSJc_NHGgAY-/0/1737472865764?e=1746057600&v=beta&t=MgISr83F4aTEIWMm7ojjbrnXfbHNPXFrx7wY3kTtt8Y
https://www.linkedin.com/in/karinaanisimova,"data:image/gif;base64,R0lGODlhAQABAIAAAAAAAP///yH5BAEAAAAALAAAAAABAAEAAAIBRAA7"
https://www.linkedin.com/in/frederik-heise,https://media.licdn.com/dms/image/v2/D4E03AQEC9lemNsAVGg/profile-displayphoto-shrink_100_100/B4EZU0TJOgHUAY-/0/1740339189994?e=1746057600&v=beta&t=unZafAF5bKy-WeJbWxRo6Awg3VyYcjQyc2zwzNi0utg
https://www.linkedin.com/in/uwejugel,https://media.licdn.com/dms/image/v2/C4E03AQFYxftk3fX43A/profile-displayphoto-shrink_100_100/profile-displayphoto-shrink_100_100/0/1640191342391?e=1746057600&v=beta&t=Sni0rubvVuLZiQ1AOO3cgHotFguZFNcNhyIRMhUR_Qo
https://www.linkedin.com/in/gennady-bondar-b056774,https://media.licdn.com/dms/image/v2/C4E03AQEkUSmdY4hGaw/profile-displayphoto-shrink_100_100/profile-displayphoto-shrink_100_100/0/1517697729269?e=1746057600&v=beta&t=dKoiOgyZqPYgrNjoW8jnG5F6OAk9wwlNxVCpeLjX_00
https://www.linkedin.com/in/irinavidal,https://media.licdn.com/dms/image/v2/C4D03AQExPRSlkhdAcQ/profile-displayphoto-shrink_100_100/profile-displayphoto-shrink_100_100/0/1553286617341?e=1746057600&v=beta&t=XANUmwy9iYNZPsqiM526LEmGyVQF_jg7ODKXvkZ_Dys
https://www.linkedin.com/in/kevinsebastiaanhof,https://media.licdn.com/dms/image/v2/D4D03AQFL16yLFnUONQ/profile-displayphoto-shrink_100_100/profile-displayphoto-shrink_100_100/0/1718315282505?e=1746057600&v=beta&t=CJByNffXijcEA_GhV2QG07vmkeLwrwvrjduPp-XKEnA
https://www.linkedin.com/in/brianm%C3%BCller,https://media.licdn.com/dms/image/v2/C4D03AQHDv-M1MzT_JA/profile-displayphoto-shrink_100_100/profile-displayphoto-shrink_100_100/0/1604950121598?e=1746057600&v=beta&t=7ujOLZwXcDHtLXVsiMOQG1Nxtu19_Xoj2EK5iL2rpAY
https://www.linkedin.com/in/stefan-weber-a1173017,https://media.licdn.com/dms/image/v2/D4E03AQE4KBq6Pjiy2A/profile-displayphoto-shrink_100_100/profile-displayphoto-shrink_100_100/0/1667380228779?e=1746057600&v=beta&t=BT6xHVK8ISqEhhYZiCvUOStLH8AGylrgy1qbSRFlwjo
https://www.linkedin.com/in/angelita-frozza-sanches,https://media.licdn.com/dms/image/v2/D4E03AQENmViMDCZQZA/profile-displayphoto-shrink_100_100/profile-displayphoto-shrink_100_100/0/1726824224746?e=1746057600&v=beta&t=gYCwRXoDv8PkODi-Obf3QkrE4FPA0EUAxcsPxSFSXzM
https://www.linkedin.com/in/koraiem,https://media.licdn.com/dms/image/v2/D4E03AQGGyt5NC5aEdA/profile-displayphoto-shrink_100_100/profile-displayphoto-shrink_100_100/0/1675199517024?e=1746057600&v=beta&t=_K5kdOgQtCYK8do-XnZpD24qjcV7J1A-BZ1evAJTrz4
https://www.linkedin.com/in/matthias-thubauville,https://media.licdn.com/dms/image/v2/C4D03AQE2xktgNf2Wgw/profile-displayphoto-shrink_100_100/profile-displayphoto-shrink_100_100/0/1631818759633?e=1746057600&v=beta&t=LT9FLwqaUC9zwLaRB_XtdORxNtIGmmYV7-WlZT_8Pmw
https://www.linkedin.com/in/avlasenko,https://media.licdn.com/dms/image/v2/D4E03AQElohtkzKSWsw/profile-displayphoto-shrink_100_100/profile-displayphoto-shrink_100_100/0/1687989106279?e=1746057600&v=beta&t=akLUHseJIgjO-zuYzJwwU8x0t1UpiqUG26_U3d0Ygpc
https://www.linkedin.com/in/mikhailova-anastasiia,https://media.licdn.com/dms/image/v2/D4E03AQHZZpY_56eCBA/profile-displayphoto-shrink_100_100/profile-displayphoto-shrink_100_100/0/1707597337393?e=1746057600&v=beta&t=VF0q2W9ooD2fp_rueWo_HNVnbkx6HHpPabarikxDIJs
https://www.linkedin.com/in/arisa-ikeda,https://media.licdn.com/dms/image/v2/C4D03AQHt_1L1gwcN0w/profile-displayphoto-shrink_100_100/profile-displayphoto-shrink_100_100/0/1517823762265?e=1746057600&v=beta&t=zay8OiWvuSjaJen0KckWlIIt-MfDiwAR_1BmhOsj9_0
https://www.linkedin.com/in/caterina-rumpf-08141a13b,https://media.licdn.com/dms/image/v2/C4D03AQHttjOqhjOG0Q/profile-displayphoto-shrink_100_100/profile-displayphoto-shrink_100_100/0/1651265198582?e=1746057600&v=beta&t=6ZfE6WFE6QranYKYZnGFqipGP5sUenM8hyohieoQXzw
https://www.linkedin.com/in/peterhbruins,https://media.licdn.com/dms/image/v2/C4D03AQHQNv010Fuxqw/profile-displayphoto-shrink_100_100/profile-displayphoto-shrink_100_100/0/1622043744304?e=1746057600&v=beta&t=wcA0c7DoIEvNs3omPnjLCAFclm_2krJlhm1st80WSa8
https://www.linkedin.com/in/owais-ahmed-farooqui-1046b618,https://media.licdn.com/dms/image/v2/C4E03AQHZRybH4g8mCA/profile-displayphoto-shrink_100_100/profile-displayphoto-shrink_100_100/0/1589356525763?e=1746057600&v=beta&t=CR2FBcXp2IJA06WqOaH_6IGkBJaeHLTnKs2hGcgdnSk
https://www.linkedin.com/in/fabian-wesemann-6036a629,https://media.licdn.com/dms/image/v2/C4E03AQGM_gxTaU7-kw/profile-displayphoto-shrink_100_100/profile-displayphoto-shrink_100_100/0/1551915881155?e=1746057600&v=beta&t=7poAmSz3CvUlSbMyBbGamfP4LAJMw4xEvXdLVyKTceY
https://www.linkedin.com/in/anastasiavashkelite,https://media.licdn.com/dms/image/v2/C4D03AQHFafcEFCJKcQ/profile-displayphoto-shrink_100_100/profile-displayphoto-shrink_100_100/0/1516982105288?e=1746057600&v=beta&t=kIwZMlHDplkmDnXRNfQXxUhVCslCb-xYU-CF2W-3tHo
https://www.linkedin.com/in/malindesouza,https://media.licdn.com/dms/image/v2/D4E03AQFcqrH3xLShMQ/profile-displayphoto-shrink_100_100/profile-displayphoto-shrink_100_100/0/1697728510283?e=1746057600&v=beta&t=Y9f2q3jBuMFS_xTSlrtyKHRM19Gs0qr-sypInh2hiOE
https://www.linkedin.com/in/evgenihasin,https://media.licdn.com/dms/image/v2/D4D03AQH98DnDwiEPhQ/profile-displayphoto-shrink_100_100/profile-displayphoto-shrink_100_100/0/1721330070745?e=1746057600&v=beta&t=BCP4gyFY6Lne-zrCOs6S62q6ciRbNKn4TrlRSQ_afKw
https://www.linkedin.com/in/vsevolodgrebnev,https://media.licdn.com/dms/image/v2/C5603AQFlO-o85pzdQg/profile-displayphoto-shrink_100_100/profile-displayphoto-shrink_100_100/0/1554804754850?e=1746057600&v=beta&t=3030T1rlK5-zlRZVJIRyqc4Meh_f0GWXYGW-RgyMwrQ
https://www.linkedin.com/in/robinjose,https://media.licdn.com/dms/image/v2/C4D03AQGlJwnocxlorg/profile-displayphoto-shrink_100_100/profile-displayphoto-shrink_100_100/0/1569834294664?e=1746057600&v=beta&t=u3a0NckxMF-l9c9LjyzhtkzV4zzVvw8QP9S0XUuELJw
https://www.linkedin.com/in/stephan-claus-91272a66,https://media.licdn.com/dms/image/v2/C4E03AQGrg7G996G_2w/profile-displayphoto-shrink_100_100/profile-displayphoto-shrink_100_100/0/1614841897978?e=1746057600&v=beta&t=5iR_nd1i4xBC4PjH5DW-X8Ll1dtSzMhaEqvTG3Nr5M0
https://www.linkedin.com/in/christopher-ling-54158978,https://media.licdn.com/dms/image/v2/C4E03AQHizzjWQeT5-w/profile-displayphoto-shrink_100_100/profile-displayphoto-shrink_100_100/0/1516652224096?e=1746057600&v=beta&t=v4HuaRdjaqTI3JirSiLirabSOkd37QM7RIwSDNhZmlU
https://www.linkedin.com/in/valentinumbach,https://media.licdn.com/dms/image/v2/D4E03AQFuD12qezyeSw/profile-displayphoto-shrink_100_100/profile-displayphoto-shrink_100_100/0/1725269105971?e=1746057600&v=beta&t=_qtdv_Bgu3gAL5bK8nEHUPREHqGkrwcUbhsOXXMHgNA
https://www.linkedin.com/in/evgenii-kovatenkov-015a0212b,https://media.licdn.com/dms/image/v2/C5603AQEyQNplBcQcnA/profile-displayphoto-shrink_100_100/profile-displayphoto-shrink_100_100/0/1630242621145?e=1746057600&v=beta&t=0sRvEkP1h138c_hvawksuvKTDd2svtySCIxZzHaFDfQ
https://www.linkedin.com/in/andrew-bellingham-3766519,https://media.licdn.com/dms/image/v2/D4E03AQH0Hvd8Dymbkw/profile-displayphoto-shrink_100_100/B4EZQnTQCOHkAc-/0/1735826146115?e=1746057600&v=beta&t=Y40PfSxea5mLeLTTveTIqoW0EVzJ6MQDJM358swWCBc
https://www.linkedin.com/in/sasha-kononenko-58179aaa,https://media.licdn.com/dms/image/v2/C5603AQEjyhHx-nXZYw/profile-displayphoto-shrink_100_100/profile-displayphoto-shrink_100_100/0/1648044053564?e=1746057600&v=beta&t=FDcD15P_QGgpVGaiZRlqzL3YtFcgrrtcR2pCFkc2eCY
https://www.linkedin.com/in/danielemorisco,https://media.licdn.com/dms/image/v2/D4E35AQFMWC0IdDkntw/profile-framedphoto-shrink_100_100/profile-framedphoto-shrink_100_100/0/1718232322130?e=1741125600&v=beta&t=2ZcEBskoioGtS7N4TVRTx38lYEmGu6ecqkxoJ9fpwOw
https://www.linkedin.com/in/ilia-komissarov-b5b5501ba,https://media.licdn.com/dms/image/v2/D4D03AQE7gEyuSI8ZOw/profile-displayphoto-shrink_100_100/profile-displayphoto-shrink_100_100/0/1686910500490?e=1746057600&v=beta&t=9ZKImct96TlEvTVQWCmIo8PmoZGoKg94HKtx3oFtLcs
https://www.linkedin.com/in/micera,https://media.licdn.com/dms/image/v2/D4D03AQESlgxhcPXZdA/profile-displayphoto-shrink_100_100/profile-displayphoto-shrink_100_100/0/1726485298430?e=1746057600&v=beta&t=sw18i8fAUXG0_Dsg_UYM0rUKJqV4Pq0fVmQDElnVDWE
https://www.linkedin.com/in/negoita-raul-alexandru,https://media.licdn.com/dms/image/v2/D4E35AQH7xXDez-rZdg/profile-framedphoto-shrink_100_100/profile-framedphoto-shrink_100_100/0/1736948663501?e=1741125600&v=beta&t=VcwsOMs_bAKgnUIq0RHNU6m4AObPPJVF-S1d8G-W8FU
https://www.linkedin.com/in/maaret,https://media.licdn.com/dms/image/v2/D4D03AQGsZ3wmrKdWIA/profile-displayphoto-shrink_100_100/profile-displayphoto-shrink_100_100/0/1718307284755?e=1746057600&v=beta&t=Xmy51-o2jgkeJq5nHKQuzRH3z3YcWA43iDYpDiQhwOU
https://www.linkedin.com/in/maria-joseph-1533b299,https://media.licdn.com/dms/image/v2/D5603AQHpu4WE4his5g/profile-displayphoto-shrink_100_100/profile-displayphoto-shrink_100_100/0/1682298511167?e=1746057600&v=beta&t=SI1DSVGzsIhX892i8oc5Fwe9IejgzcWzfR-_vQYUsBo
https://www.linkedin.com/in/georg-vonhasselt,https://media.licdn.com/dms/image/v2/D4D03AQFhF25SEZhmcg/profile-displayphoto-shrink_100_100/B4DZS80zniHkAU-/0/1738334747686?e=1746057600&v=beta&t=HRnq3_GJhuRUXz9iEZ-wIJODcC0xh6Lgdle9SIWV1Uc
https://www.linkedin.com/in/steffen-galan,https://media.licdn.com/dms/image/v2/C4D03AQGkWDxZD0CjPA/profile-displayphoto-shrink_100_100/profile-displayphoto-shrink_100_100/0/1565647743674?e=1746057600&v=beta&t=rV6GIujzBsH7Ms7DM2wjeyBu_thYBzEVzukfJBNLPNM
https://www.linkedin.com/in/maren-iani-a80a6b4a,https://media.licdn.com/dms/image/v2/C4E03AQG3lqQGe2M_jg/profile-displayphoto-shrink_100_100/profile-displayphoto-shrink_100_100/0/1609188750317?e=1746057600&v=beta&t=xDvVIhb13R6PvjaypDSL4YnkbjgZf58NbsCselLy3Do
https://www.linkedin.com/in/unicast,https://media.licdn.com/dms/image/v2/D4E03AQH4VTSUaH9bOA/profile-displayphoto-shrink_100_100/profile-displayphoto-shrink_100_100/0/1712585178302?e=1746057600&v=beta&t=NknCNKHwCKW_bPo8tBVHE-lUNtYD48qWosqnExgX_vQ
https://www.linkedin.com/in/anna-barnett,https://media.licdn.com/dms/image/v2/C4D03AQHHS6miqKQUMQ/profile-displayphoto-shrink_100_100/profile-displayphoto-shrink_100_100/0/1630955562176?e=1746057600&v=beta&t=8RNyb8UW2UD2ZcL1Du9j4yIb-HdYpw-oJ_QiCcPRwNA
https://www.linkedin.com/in/andre-wagner,https://media.licdn.com/dms/image/v2/D4E03AQF5jV8l6ztn8g/profile-displayphoto-shrink_100_100/profile-displayphoto-shrink_100_100/0/1705254973328?e=1746057600&v=beta&t=fkB2rAoUQeNDlSwVHd94HDc0NxeP_8jiYWRuX4QhhJ0
https://www.linkedin.com/in/wonderdima,https://media.licdn.com/dms/image/v2/D4E03AQF9JXDNYTUrvw/profile-displayphoto-shrink_100_100/B4EZPkJRypGYAU-/0/1734699463653?e=1746057600&v=beta&t=Jmulrxp_U_EL6jDC7j2-hI459AhbcJWEr_TSyc0S7xg
https://www.linkedin.com/in/advertka,https://media.licdn.com/dms/image/v2/D4E03AQHStsmsLOav6Q/profile-displayphoto-shrink_100_100/B4EZTgeDBfGgAU-/0/1738932761691?e=1746057600&v=beta&t=hOf2W1dMlBDeSRb8qMHCsvsYyn6yXbJqHxFsrpfT9Yo
https://www.linkedin.com/in/zahra-moghaddasi,https://media.licdn.com/dms/image/v2/D4E03AQGBBNPb4evlfg/profile-displayphoto-shrink_100_100/profile-displayphoto-shrink_100_100/0/1668678230996?e=1746057600&v=beta&t=iHclIHSzl9by_zjnN-jAYp4jzAvEF1eTghFMANeHxDk
https://www.linkedin.com/in/laurafouquette,https://media.licdn.com/dms/image/v2/D4E03AQEP7IE6r5rxLw/profile-displayphoto-shrink_100_100/profile-displayphoto-shrink_100_100/0/1700499179957?e=1746057600&v=beta&t=gukR-larL12Cpmn9K3AkLTACzPdEQgjxGVpxuj_AQ7k
https://www.linkedin.com/in/bheckel,https://media.licdn.com/dms/image/v2/C4E03AQF7Z43jU8amoQ/profile-displayphoto-shrink_100_100/profile-displayphoto-shrink_100_100/0/1544586948751?e=1746057600&v=beta&t=xere-yLSAnZsRvfPZXmRBGBXnZXZDTXZdXDYphql9NE
https://www.linkedin.com/in/danielkreter,https://media.licdn.com/dms/image/v2/C4E03AQGLcuzKL6Aw1w/profile-displayphoto-shrink_100_100/profile-displayphoto-shrink_100_100/0/1645981682640?e=1746057600&v=beta&t=S-_x2S33k6kOBXSrlHSuo3lND6s_sCx5F6TK62dNst4
https://www.linkedin.com/in/andrearabinelli,https://media.licdn.com/dms/image/v2/C4D03AQFyNkX0syv0ZQ/profile-displayphoto-shrink_100_100/profile-displayphoto-shrink_100_100/0/1554325645026?e=1746057600&v=beta&t=9vLIBFrKXDswDQukGuzJiwFbxDjTJUOZdQDk2gmiElU
https://www.linkedin.com/in/aliz%C3%A9e-poirier-renard,https://media.licdn.com/dms/image/v2/D4E03AQG6mUni1x34rQ/profile-displayphoto-shrink_100_100/profile-displayphoto-shrink_100_100/0/1701894175612?e=1746057600&v=beta&t=iW-H1gwj2Tj773pCdhZ2IcOXbgd8GRC23ksF7vYiWQo
https://www.linkedin.com/in/meusburger,https://media.licdn.com/dms/image/v2/C4D03AQEcgj3_jHRHOQ/profile-displayphoto-shrink_100_100/profile-displayphoto-shrink_100_100/0/1650638741651?e=1746057600&v=beta&t=V9ZoH0QR2dBB7Q5Sq9wryW8wEiQ1bUhJQ7NVruC9qcE
https://www.linkedin.com/in/uzi-blum-a9b1432b,https://media.licdn.com/dms/image/v2/C4E03AQFHmIFCfe65wQ/profile-displayphoto-shrink_100_100/profile-displayphoto-shrink_100_100/0/1592755707243?e=1746057600&v=beta&t=NFFiwrIfPpGlhBrvMMCNn1HLXE_Y6XUSyug_jG3XJ4g
https://www.linkedin.com/in/yanchen01,https://media.licdn.com/dms/image/v2/C4D03AQGsCA5sdIR83Q/profile-displayphoto-shrink_100_100/profile-displayphoto-shrink_100_100/0/1566897381267?e=1746057600&v=beta&t=yq0Qf3Ud9w5c25PPE8ipfMQf2X2YaMZ8HvV8xHrH3Tc
https://www.linkedin.com/in/nico-mei%C3%9Fner-bendzko-9a7a50236,https://media.licdn.com/dms/image/v2/C4E03AQFhyR27Xj1ZUg/profile-displayphoto-shrink_100_100/profile-displayphoto-shrink_100_100/0/1649251469837?e=1746057600&v=beta&t=y0JH0Bb7HaIzianl_7WSXfueiHPOUxy9HeHwvjeal2A
https://www.linkedin.com/in/kirsten-gray-7924a615a,https://media.licdn.com/dms/image/v2/C4D03AQEmH4r97FggpA/profile-displayphoto-shrink_100_100/profile-displayphoto-shrink_100_100/0/1630095210095?e=1746057600&v=beta&t=LceedV0ecgbW7sDcdKnpPnj30PV_W-njiXU7DlS3oC0
https://www.linkedin.com/in/ed-sutton-000000,https://media.licdn.com/dms/image/v2/C5603AQH5-xkU6EHsWA/profile-displayphoto-shrink_100_100/profile-displayphoto-shrink_100_100/0/1517737838016?e=1746057600&v=beta&t=PsXVcH147klj6XBnpCYtmzPmX_k33PsHy0GFVOy5S0g
https://www.linkedin.com/in/clemensschroeer,https://media.licdn.com/dms/image/v2/D4E03AQHGMy_L0o9D1Q/profile-displayphoto-shrink_100_100/profile-displayphoto-shrink_100_100/0/1704719297952?e=1746057600&v=beta&t=kAO4C9_IDMpqEAL8A0EYLK8mc8zQ8kpizbjx8YBR-vE
https://www.linkedin.com/in/felix-brockmeier,https://media.licdn.com/dms/image/v2/D4D03AQGhqXArR_jzjQ/profile-displayphoto-shrink_100_100/profile-displayphoto-shrink_100_100/0/1724675079379?e=1746057600&v=beta&t=174poD9id7Xc97rsbGnnePJz2JBvkrX86UvM1ov105Y
https://www.linkedin.com/in/koehlers,https://media.licdn.com/dms/image/v2/D4D03AQHQaO4ofgEq3Q/profile-displayphoto-shrink_100_100/profile-displayphoto-shrink_100_100/0/1708051174689?e=1746057600&v=beta&t=090KOusRsR-AfBgoj3RKBbI29T1fzwoAu82nQE-P3B4
https://www.linkedin.com/in/ovidiugavril,https://media.licdn.com/dms/image/v2/D4D03AQEhNqSmDoC6mw/profile-displayphoto-shrink_100_100/B4DZUldt2FHAAU-/0/1740090302239?e=1746057600&v=beta&t=fVQDvVkKbmmcQDvqZC96mjOQWRL5WNuhIC0zpyB9Duo
https://www.linkedin.com/in/sytpp,https://media.licdn.com/dms/image/v2/C4E03AQGlaBmYm83_kA/profile-displayphoto-shrink_100_100/profile-displayphoto-shrink_100_100/0/1538404774034?e=1746057600&v=beta&t=K0nEYx1scRvQe7ym7l_pOpNm4sECABtOvmTf6Wo5gfc
https://www.linkedin.com/in/jo%C3%A3o-proen%C3%A7a-ba864357,https://media.licdn.com/dms/image/v2/D4D03AQEI_byMFMfN-A/profile-displayphoto-shrink_100_100/profile-displayphoto-shrink_100_100/0/1707498805605?e=1746057600&v=beta&t=I2XHhtuZhQmh4FdGnnhq5peZ850NeXtF7ehr4Hfkh3g
https://www.linkedin.com/in/sendohchang,https://media.licdn.com/dms/image/v2/C4D03AQEcxWX6RFCSWQ/profile-displayphoto-shrink_100_100/profile-displayphoto-shrink_100_100/0/1610739412873?e=1746057600&v=beta&t=WNM0f7k4ziCge_a2gmpWeXx8RlbJbn09mh3CaarJA9g
https://www.linkedin.com/in/fatih-tahmilci,https://media.licdn.com/dms/image/v2/C4D03AQGrEXJk76eF-Q/profile-displayphoto-shrink_100_100/profile-displayphoto-shrink_100_100/0/1610457581444?e=1746057600&v=beta&t=3eGA36a0Ytxb84aC5IKQEbq1_i8huKYBxIfu5wUSHLI
https://www.linkedin.com/in/valerio-morelli,https://media.licdn.com/dms/image/v2/C4D03AQGUvk93O3y9FQ/profile-displayphoto-shrink_100_100/profile-displayphoto-shrink_100_100/0/1579778762456?e=1746057600&v=beta&t=O0ldFUgsCGafpPgPia2CCPahlQEu1ICvNzycz4FuL9k
https://www.linkedin.com/in/artsem-huletski-469802144,https://media.licdn.com/dms/image/v2/D4E03AQGNwxvLRSRnyw/profile-displayphoto-shrink_100_100/profile-displayphoto-shrink_100_100/0/1687692520027?e=1746057600&v=beta&t=Jx_4DaOdb9W4f6bSe1BThp7z59S_BkDMVqRegYh6cYM
https://www.linkedin.com/in/marvin-wenzel,https://media.licdn.com/dms/image/v2/D4D03AQEkQfwf6sV78A/profile-displayphoto-shrink_100_100/profile-displayphoto-shrink_100_100/0/1726772701522?e=1746057600&v=beta&t=dUZg10Tbf_mufGVI-pctxmzFJGaJbepZXHjztJqB_9Q
https://www.linkedin.com/in/yuval-rubin-890bba102,https://media.licdn.com/dms/image/v2/D4E03AQF-aB1T-9lYOQ/profile-displayphoto-shrink_100_100/profile-displayphoto-shrink_100_100/0/1732314765322?e=1746057600&v=beta&t=3ZeyIK1vMGQzOIWmVy1j7hwu-2bJ_tUC92281t0mm-M
https://www.linkedin.com/in/elisabeth-reitmayr-b9748980,https://media.licdn.com/dms/image/v2/D5635AQFp5DOzcXe9lA/profile-framedphoto-shrink_100_100/profile-framedphoto-shrink_100_100/0/1723627485543?e=1741125600&v=beta&t=nS940gGAT3RyW1vKoQkqi_lWLKjlk_Dw5QqxdBebqTA
https://www.linkedin.com/in/bencocker,https://media.licdn.com/dms/image/v2/C4D03AQEZyGRWNNhZtQ/profile-displayphoto-shrink_100_100/profile-displayphoto-shrink_100_100/0/1557241857376?e=1746057600&v=beta&t=QpwNWk4zElMLvjnNtnA91jhshGjcea9zOIgbZVNt8YM
https://www.linkedin.com/in/lucasmarin,https://media.licdn.com/dms/image/v2/D4D03AQFGPnKE1TFCmQ/profile-displayphoto-shrink_100_100/profile-displayphoto-shrink_100_100/0/1719928537048?e=1746057600&v=beta&t=LtZic5s0sAfigPcyclfJIAoOsgnl6xh-c1c37Labi0A
https://www.linkedin.com/in/arthuryatsenko,https://media.licdn.com/dms/image/v2/D4E03AQEjuedQCA4a9w/profile-displayphoto-shrink_100_100/profile-displayphoto-shrink_100_100/0/1730718758694?e=1746057600&v=beta&t=nCe10Xx0TqY3NbmQwBLyXUDwoPQzqoSd9NJEgTaVMRI
https://www.linkedin.com/in/ryan-kuchova-b1a3a934,https://media.licdn.com/dms/image/v2/D4E03AQGZPkF0ZwRYrA/profile-displayphoto-shrink_100_100/profile-displayphoto-shrink_100_100/0/1682626383375?e=1746057600&v=beta&t=Sal_FN3teM1jJRx-xT595yCfEHaq5_LFYYMebTiZiQU
https://www.linkedin.com/in/fabienne-cotte-1966b4186,https://media.licdn.com/dms/image/v2/C4D03AQG-UkBPdoyekg/profile-displayphoto-shrink_100_100/profile-displayphoto-shrink_100_100/0/1638176973766?e=1746057600&v=beta&t=zL3hW7SSNy6akNbVOnqCeTwC8-aHHGGVFi2SO8Sx50c
https://www.linkedin.com/in/dimitrios-livanas,https://media.licdn.com/dms/image/v2/C4D03AQFIlX_LOm5ZkA/profile-displayphoto-shrink_100_100/profile-displayphoto-shrink_100_100/0/1553283480644?e=1746057600&v=beta&t=2pFhiayNoi3m72sZvigrdszhJrAoe3XGw0zfyvrg4J8
https://www.linkedin.com/in/leilagregory,https://media.licdn.com/dms/image/v2/D4E03AQGrHlYCi4hPmg/profile-displayphoto-shrink_100_100/B4EZTk_2ItGYAY-/0/1739008731093?e=1746057600&v=beta&t=ZfHSRV7kdrCksODRDS6KhA69Wk7MzwAXHQKI_FCDCio
https://www.linkedin.com/in/michalpomaranski,https://media.licdn.com/dms/image/v2/C4D03AQG3SoMmha-37Q/profile-displayphoto-shrink_100_100/profile-displayphoto-shrink_100_100/0/1587568702323?e=1746057600&v=beta&t=IUd1iwjXM6fmgGGiboPZEis0qnjS6cT5aO1VKkk4Vqw
https://www.linkedin.com/in/william-nash-2b9902179,https://media.licdn.com/dms/image/v2/D4E03AQFvj1P7raD3yw/profile-displayphoto-shrink_100_100/profile-displayphoto-shrink_100_100/0/1721120238820?e=1746057600&v=beta&t=PL_wgpoqNRKXgagOQtCssFldPLOWFyIra_nf3E1x6p4
https://www.linkedin.com/in/ankush-koul-a4aa242,https://media.licdn.com/dms/image/v2/C5603AQE6JdfrV9LwYw/profile-displayphoto-shrink_100_100/profile-displayphoto-shrink_100_100/0/1580806006048?e=1746057600&v=beta&t=URoEiKu7it2xOJ90B0dwjog6XVQk6QrwwHxqQ1t-l4U
https://www.linkedin.com/in/ksenialeg,https://media.licdn.com/dms/image/v2/C4E03AQEiiuqbXsWziA/profile-displayphoto-shrink_100_100/profile-displayphoto-shrink_100_100/0/1596395184486?e=1746057600&v=beta&t=SKm9mDAENMSxFNRkzIKPb75ZJOdnPR0KNByLhOG8VK4
https://www.linkedin.com/in/james-newell-39a820110,https://media.licdn.com/dms/image/v2/C4E03AQHJK5SuyzvZAA/profile-displayphoto-shrink_100_100/profile-displayphoto-shrink_100_100/0/1607659748854?e=1746057600&v=beta&t=0wMitJh37-pEirJZh0foOZAAUsEOhhSB91WfD5oM9g4
https://www.linkedin.com/in/scottfannin,https://media.licdn.com/dms/image/v2/D4E03AQEVNxgKX-VEkg/profile-displayphoto-shrink_100_100/profile-displayphoto-shrink_100_100/0/1732289221830?e=1746057600&v=beta&t=URlXDsvDvj-qOyTVGvKEbwcN9WFW2bsYTTOkJNOajN8
https://www.linkedin.com/in/alexeygolovashov,https://media.licdn.com/dms/image/v2/D4D03AQGQgXDbK9YgWQ/profile-displayphoto-shrink_100_100/profile-displayphoto-shrink_100_100/0/1712827059621?e=1746057600&v=beta&t=5ACLlTDbuWta56oc8eEZbeYnDhrjZTthNazrsyBeSkM
https://www.linkedin.com/in/elena-sitar,https://media.licdn.com/dms/image/v2/C4E03AQEhQphhHzEnWw/profile-displayphoto-shrink_100_100/profile-displayphoto-shrink_100_100/0/1638539741475?e=1746057600&v=beta&t=PfNb_Eo32oImnCTrXfI_e1_IcKmBBldeY3HORQxSi4M
https://www.linkedin.com/in/rizwaniq,https://media.licdn.com/dms/image/v2/D4D03AQHEh02b21nrJA/profile-displayphoto-shrink_100_100/profile-displayphoto-shrink_100_100/0/1720435837386?e=1746057600&v=beta&t=dFPYcfqCgzv-qTfq0yFtYDUz37TUCT0Fss-vK1GHOdw
